Rk,Player,Pos,Age,Tm,G,GS,MP,FG,FGA,FG%,3P,3PA,3P%,2P,2PA,2P%,FT,FTA,FT%,ORB,DRB,TRB,AST,STL,BLK,TOV,PF,PTS
1,Precious Achiuwa\achiupr01,PF,21,MIA,61,4,737,6.1,11.1,.544,0.0,0.0,.000,6.1,11.1,.546,2.7,5.4,.509,3.6,6.6,10.2,1.4,1.0,1.4,2.1,4.4,14.8
2,Jaylen Adams\adamsja01,PG,24,MIL,7,0,18,2.0,16.0,.125,0.0,4.0,.000,2.0,12.0,.167,0.0,0.0,,0.0,6.0,6.0,4.0,0.0,0.0,0.0,2.0,4.0
3,Steven Adams\adamsst01,C,27,NOP,58,58,1605,4.2,6.9,.614,0.0,0.1,.000,4.2,6.8,.620,1.3,3.0,.444,4.8,6.8,11.5,2.5,1.2,0.9,1.7,2.5,9.8
4,Bam Adebayo\adebaba01,C,23,MIA,64,64,2143,7.7,13.4,.570,0.0,0.1,.250,7.6,13.3,.573,4.8,5.9,.799,2.4,7.2,9.6,5.8,1.3,1.1,2.8,2.4,20.1
5,LaMarcus Aldridge\aldrila01,C,35,TOT,26,23,674,7.5,15.8,.473,1.7,4.3,.388,5.8,11.5,.505,2.2,2.5,.872,1.0,5.3,6.3,2.6,0.6,1.5,1.4,2.5,18.8
5,LaMarcus Aldridge\aldrila01,C,35,SAS,21,18,544,7.6,16.4,.464,1.8,5.0,.360,5.8,11.4,.509,2.1,2.4,.838,1.1,5.1,6.2,2.4,0.5,1.2,1.3,2.4,19.1
5,LaMarcus Aldridge\aldrila01,C,35,BRK,5,5,130,6.9,13.3,.521,1.1,1.4,.800,5.8,11.9,.488,2.8,2.8,1.000,0.6,6.1,6.6,3.6,0.8,3.0,1.9,3.0,17.7
6,Ty-Shon Alexander\alexaty01,SG,22,PHO,15,0,47,2.3,9.2,.250,1.5,6.9,.222,0.8,2.3,.333,0.8,1.5,.500,1.5,6.1,7.7,4.6,0.0,0.8,2.3,1.5,6.9
7,Nickeil Alexander-Walker\alexani01,SG,22,NOP,46,13,1007,6.9,16.4,.419,2.7,7.8,.347,4.1,8.5,.485,1.7,2.4,.727,0.5,4.7,5.1,3.6,1.7,0.8,2.5,3.1,18.2
8,Grayson Allen\allengr01,SG,25,MEM,50,38,1259,4.9,11.8,.418,3.1,7.8,.391,1.9,4.0,.471,2.3,2.6,.868,0.5,4.0,4.6,3.1,1.3,0.2,1.4,2.0,15.2
9,Jarrett Allen\allenja01,C,22,TOT,63,45,1864,5.8,9.3,.618,0.1,0.4,.316,5.6,8.9,.631,3.9,5.6,.703,3.8,8.4,12.2,2.0,0.6,1.7,1.9,1.9,15.6
9,Jarrett Allen\allenja01,C,22,BRK,12,5,320,5.0,7.3,.677,0.0,0.0,,5.0,7.3,.677,5.2,6.9,.754,4.3,9.8,14.1,2.3,0.8,2.1,2.5,2.4,15.1
9,Jarrett Allen\allenja01,C,22,CLE,51,40,1544,5.9,9.7,.609,0.1,0.4,.316,5.8,9.3,.623,3.7,5.3,.690,3.7,8.1,11.8,2.0,0.6,1.7,1.8,1.7,15.7
10,Al-Farouq Aminu\aminual01,PF,30,TOT,23,14,434,3.2,8.2,.384,0.7,3.1,.216,2.5,5.1,.484,1.5,1.8,.818,1.8,7.3,9.1,2.6,1.6,0.7,2.3,2.4,8.5
10,Al-Farouq Aminu\aminual01,PF,30,ORL,17,14,367,3.5,8.7,.404,0.7,3.0,.226,2.8,5.7,.500,1.4,1.7,.824,2.0,7.0,8.9,2.8,1.7,0.9,2.5,2.2,9.1
10,Al-Farouq Aminu\aminual01,PF,30,CHI,6,0,67,1.1,5.4,.200,0.5,3.2,.167,0.5,2.1,.250,2.1,2.7,.800,1.1,9.1,10.2,1.1,1.1,0.0,1.6,3.8,4.8
11,Kyle Anderson\anderky01,PF,27,MEM,69,69,1887,5.9,12.6,.468,1.8,5.0,.360,4.1,7.6,.539,2.7,3.5,.783,1.0,6.6,7.6,4.8,1.6,1.1,1.6,2.3,16.3
12,Giannis Antetokounmpo\antetgi01,PF,26,MIL,61,61,2013,11.2,19.7,.569,1.2,4.0,.303,10.0,15.7,.636,7.1,10.4,.685,1.7,10.3,12.0,6.4,1.3,1.3,3.7,3.0,30.7
13,Kostas Antetokounmpo\antetko01,PF,23,LAL,15,0,56,1.9,6.4,.300,0.0,0.0,,1.9,6.4,.300,3.9,8.4,.462,2.6,9.6,12.2,0.6,1.3,2.6,7.1,5.1,7.7
14,Thanasis Antetokounmpo\antetth01,SF,28,MIL,57,3,551,4.4,9.0,.489,0.5,1.9,.241,3.9,7.1,.556,1.6,3.2,.510,3.5,4.6,8.1,3.0,1.4,0.7,2.8,4.8,10.8
15,Carmelo Anthony\anthoca01,PF,36,POR,69,3,1690,7.0,16.6,.421,2.8,6.9,.409,4.1,9.6,.429,2.9,3.3,.890,0.7,3.9,4.6,2.2,1.0,0.8,1.3,3.1,19.7
16,Cole Anthony\anthoco01,PG,20,ORL,47,34,1273,6.2,15.6,.397,1.6,4.9,.337,4.6,10.7,.424,3.1,3.7,.832,1.1,5.2,6.2,5.4,0.8,0.5,3.0,2.8,17.1
17,OG Anunoby\anunoog01,SF,23,TOR,43,43,1433,6.3,13.0,.480,2.6,6.6,.398,3.6,6.5,.562,2.0,2.6,.784,1.4,4.6,6.0,2.4,1.7,0.8,1.9,2.9,17.1
18,Ryan Arcidiacono\arcidry01,PG,26,CHI,44,0,450,3.9,9.4,.419,2.0,5.4,.373,1.9,4.0,.480,1.0,1.6,.650,0.4,5.0,5.4,4.5,0.7,0.0,0.8,3.8,10.9
19,Trevor Ariza\arizatr01,SF,35,MIA,30,27,841,4.2,10.3,.411,2.1,6.1,.350,2.1,4.2,.500,1.5,1.9,.773,1.2,5.0,6.2,2.4,1.3,0.8,0.9,2.4,12.1
20,D.J. Augustin\augusdj01,PG,33,TOT,57,12,1129,4.3,10.9,.394,2.6,6.9,.382,1.7,4.0,.413,2.7,3.0,.904,0.6,2.4,3.0,6.0,0.9,0.0,2.1,1.8,14.0
20,D.J. Augustin\augusdj01,PG,33,MIL,37,6,713,3.6,9.7,.370,2.5,6.5,.380,1.1,3.2,.349,1.8,2.0,.900,0.6,2.0,2.5,5.6,1.0,0.1,1.7,1.7,11.5
20,D.J. Augustin\augusdj01,PG,33,HOU,20,6,416,5.5,13.1,.424,2.9,7.6,.386,2.6,5.5,.476,4.2,4.7,.907,0.8,3.0,3.8,6.8,0.7,0.0,2.7,2.0,18.3
21,Deni Avdija\avdijde01,SF,20,WAS,54,32,1257,3.7,8.9,.417,1.5,4.8,.315,2.2,4.1,.535,0.8,1.3,.644,0.6,6.9,7.5,1.8,0.9,0.4,0.9,4.0,9.8
22,Deandre Ayton\aytonde01,C,22,PHO,69,69,2115,7.3,11.7,.626,0.1,0.3,.200,7.3,11.4,.639,2.3,2.9,.769,3.9,8.5,12.4,1.7,0.7,1.4,1.8,3.3,17.0
23,Udoka Azubuike\azubuud01,C,21,UTA,15,0,57,2.5,5.7,.444,0.0,0.0,,2.5,5.7,.444,5.1,6.3,.800,2.5,5.7,8.2,0.0,0.6,2.5,1.9,5.7,10.1
24,Dwayne Bacon\bacondw01,SG,25,ORL,72,50,1853,5.7,14.1,.402,1.1,4.0,.285,4.5,10.1,.449,2.8,3.4,.824,0.6,3.7,4.4,1.8,0.9,0.1,0.9,2.0,15.3
25,Marvin Bagley III\baglema01,PF,21,SAC,43,42,1112,8.0,15.9,.504,1.2,3.5,.343,6.8,12.4,.550,2.5,4.3,.575,3.4,6.9,10.3,1.4,0.7,0.7,1.9,3.2,19.7
26,LaMelo Ball\ballla01,PG,19,CHO,51,31,1469,7.2,16.5,.436,2.3,6.4,.352,4.9,10.1,.489,3.1,4.0,.758,1.5,5.9,7.4,7.7,2.0,0.4,3.6,3.3,19.7
27,Lonzo Ball\balllo01,PG,23,NOP,55,55,1747,6.0,14.4,.414,3.5,9.4,.378,2.4,5.0,.482,1.0,1.3,.781,0.7,4.7,5.4,6.5,1.7,0.6,2.5,2.1,16.5
28,Mo Bamba\bambamo01,C,22,ORL,46,5,725,7.1,14.9,.472,1.9,5.9,.322,5.2,9.1,.568,2.2,3.3,.682,3.8,9.4,13.2,1.7,0.7,2.9,1.8,4.3,18.2
29,Desmond Bane\banede01,SG,22,MEM,68,17,1519,5.5,11.8,.469,2.8,6.4,.432,2.8,5.4,.513,0.9,1.2,.816,0.7,4.2,5.0,2.8,1.0,0.4,1.4,3.0,14.8
30,Harrison Barnes\barneha02,PF,28,SAC,58,58,2102,5.5,11.0,.497,1.7,4.4,.391,3.8,6.6,.567,3.3,4.0,.830,1.1,5.5,6.6,3.4,0.7,0.2,1.6,1.3,16.0
31,RJ Barrett\barrerj01,SG,20,NYK,72,72,2511,6.7,15.2,.441,1.8,4.4,.401,4.9,10.8,.457,3.0,4.0,.746,1.0,5.0,5.9,3.1,0.8,0.3,2.0,2.7,18.1
32,Will Barton\bartowi01,SF,30,DEN,56,52,1736,5.4,12.6,.426,2.0,5.3,.381,3.3,7.3,.459,2.0,2.5,.785,0.8,3.9,4.7,3.8,1.0,0.5,2.0,2.0,14.7
33,Keita Bates-Diop\bateske01,SF,25,SAS,30,0,245,4.4,9.8,.448,0.7,2.5,.294,3.7,7.3,.500,2.1,3.1,.667,1.3,5.9,7.2,1.8,1.6,0.7,1.0,1.6,11.6
34,Nicolas Batum\batumni01,SF,32,LAC,67,38,1835,3.7,8.1,.464,2.2,5.3,.404,1.6,2.7,.579,0.9,1.1,.828,1.0,5.2,6.2,2.9,1.4,0.7,1.0,2.0,10.6
35,Aron Baynes\baynear01,C,34,TOR,53,31,980,4.9,11.2,.441,1.0,3.8,.262,3.9,7.4,.532,1.1,1.5,.707,3.2,6.8,10.0,1.7,0.6,0.8,1.7,4.4,11.9
36,Kent Bazemore\bazemke01,SF,31,GSW,67,18,1333,4.8,10.6,.449,2.0,5.0,.408,2.7,5.6,.486,1.5,2.1,.692,0.7,5.5,6.2,2.9,1.9,0.9,2.2,4.3,13.0
37,Darius Bazley\bazleda01,PF,20,OKC,55,55,1714,5.7,14.5,.396,1.7,6.0,.290,4.0,8.5,.470,2.6,3.7,.702,1.1,7.2,8.3,2.1,0.6,0.5,2.6,1.3,15.8
38,Bradley Beal\bealbr01,SG,27,WAS,60,60,2147,11.2,23.2,.485,2.2,6.3,.349,9.1,16.9,.535,6.8,7.7,.889,1.2,3.5,4.7,4.4,1.2,0.4,3.1,2.3,31.5
39,Malik Beasley\beaslma01,SG,24,MIN,37,36,1214,7.8,17.8,.440,3.8,9.5,.399,4.0,8.3,.487,2.0,2.4,.850,0.8,4.0,4.8,2.6,0.9,0.2,1.8,1.8,21.5
40,Jordan Bell\belljo01,C,26,TOT,6,1,82,3.1,9.7,.318,0.0,0.9,.000,3.1,8.8,.350,0.4,0.9,.500,3.1,7.5,10.5,3.1,1.3,2.2,1.8,3.1,6.6
40,Jordan Bell\belljo01,C,26,WAS,5,1,67,3.8,10.7,.350,0.0,1.1,.000,3.8,9.7,.389,0.0,0.0,,3.2,7.0,10.2,2.7,1.6,1.6,1.6,2.7,7.5
40,Jordan Bell\belljo01,C,26,GSW,1,0,15,0.0,4.8,.000,0.0,0.0,,0.0,4.8,.000,2.4,4.8,.500,2.4,9.6,12.0,4.8,0.0,4.8,2.4,4.8,2.4
41,DeAndre' Bembry\bembrde01,SF,26,TOR,51,12,972,4.3,8.4,.513,0.5,2.0,.264,3.8,6.5,.589,1.7,2.4,.682,1.2,4.2,5.4,4.0,2.0,0.7,2.6,3.2,10.9
42,Dāvis Bertāns\bertada01,PF,28,WAS,57,7,1464,4.7,11.8,.404,4.2,10.5,.395,0.6,1.2,.480,2.5,2.8,.870,0.4,3.7,4.1,1.2,0.8,0.3,0.8,3.3,16.1
43,Patrick Beverley\beverpa01,PG,32,LAC,37,34,832,4.0,9.5,.423,2.4,6.1,.397,1.6,3.4,.468,1.6,1.9,.800,1.3,3.9,5.1,3.3,1.3,1.2,1.5,4.7,12.0
44,Saddiq Bey\beysa01,SF,21,DET,70,53,1909,5.3,13.0,.404,3.3,8.7,.380,2.0,4.4,.450,2.3,2.8,.844,0.8,5.2,6.0,1.8,1.0,0.3,1.1,2.1,16.2
45,Tyler Bey\beyty01,SF,22,DAL,18,0,71,3.5,11.2,.318,0.5,2.0,.250,3.0,9.1,.333,1.5,2.5,.600,4.1,5.6,9.6,1.5,0.0,0.5,1.5,3.0,9.1
46,Khem Birch\birchkh01,C,28,TOT,67,22,1529,4.4,8.9,.497,0.3,1.2,.250,4.1,7.7,.537,2.1,3.0,.705,4.1,5.0,9.1,2.1,1.1,1.2,1.0,2.7,11.3
46,Khem Birch\birchkh01,C,28,ORL,48,5,952,3.6,7.9,.450,0.2,0.8,.190,3.4,7.1,.479,2.4,3.2,.741,4.4,4.8,9.2,2.0,1.2,1.1,0.9,2.5,9.6
46,Khem Birch\birchkh01,C,28,TOR,19,17,577,5.9,10.7,.556,0.6,1.9,.290,5.4,8.7,.614,1.7,2.7,.636,3.6,5.4,9.0,2.2,1.0,1.4,1.3,2.9,14.2
47,Goga Bitadze\bitadgo01,C,21,IND,45,3,561,5.3,12.4,.428,1.3,5.1,.253,4.0,7.4,.548,2.9,3.9,.738,3.9,5.8,9.6,2.4,0.6,3.9,1.1,6.0,14.8
48,Bismack Biyombo\biyombi01,C,28,CHO,66,36,1349,3.8,6.5,.587,0.0,0.0,.000,3.8,6.4,.589,1.3,2.8,.448,3.7,5.6,9.3,2.2,0.5,2.0,1.9,3.8,8.8
49,Nemanja Bjelica\bjeline01,PF,32,TOT,37,3,595,5.4,11.9,.454,1.6,5.1,.318,3.8,6.7,.559,2.2,3.1,.725,1.8,5.9,7.7,4.2,0.9,0.3,2.0,4.1,14.6
49,Nemanja Bjelica\bjeline01,PF,32,SAC,26,1,439,5.7,12.3,.460,1.4,4.8,.293,4.3,7.5,.565,2.6,3.4,.762,2.0,6.2,8.2,4.0,0.7,0.2,2.3,3.9,15.3
49,Nemanja Bjelica\bjeline01,PF,32,MIA,11,2,156,4.6,10.6,.435,2.3,6.2,.370,2.3,4.4,.526,1.2,2.1,.556,1.2,5.1,6.2,4.6,1.6,0.7,1.2,4.6,12.7
50,Eric Bledsoe\bledser01,SG,31,NOP,71,70,2111,5.2,12.4,.421,2.1,6.1,.341,3.2,6.4,.496,2.3,3.3,.687,0.5,3.7,4.2,4.6,0.9,0.4,1.9,1.9,14.8
51,Keljin Blevins\blevike01,SF,25,POR,17,0,75,2.4,9.6,.250,1.0,3.8,.250,1.4,5.8,.250,0.0,0.0,,1.4,3.4,4.8,1.9,1.0,0.0,2.4,3.8,5.8
52,Bogdan Bogdanović\bogdabo01,SG,28,ATL,44,27,1305,7.4,15.6,.473,4.0,9.2,.438,3.3,6.4,.522,1.1,1.2,.909,0.6,3.9,4.4,4.1,1.4,0.4,1.5,2.7,19.9
53,Bojan Bogdanović\bogdabo02,SF,31,UTA,72,72,2216,6.6,15.0,.439,2.9,7.5,.390,3.7,7.5,.487,3.8,4.3,.879,0.6,3.9,4.6,2.2,0.7,0.1,2.1,1.9,19.9
54,Bol Bol\bolbo01,PF,21,DEN,32,2,160,5.6,13.1,.431,2.0,5.4,.375,3.6,7.7,.471,2.3,3.4,.667,0.0,5.4,5.4,1.6,0.7,2.3,2.9,3.2,15.5
55,Marques Bolden\boldema01,C,22,CLE,6,0,29,1.2,3.7,.333,0.0,0.0,,1.2,3.7,.333,6.2,9.9,.625,3.7,3.7,7.4,0.0,2.5,2.5,2.5,0.0,8.7
56,Jordan Bone\bonejo01,PG,23,ORL,14,0,196,4.2,9.9,.426,1.8,5.9,.313,2.4,4.0,.591,0.0,0.0,,0.7,3.7,4.4,3.3,0.4,0.0,0.6,2.0,10.3
57,Isaac Bonga\bongais01,SF,21,WAS,40,8,432,2.5,6.8,.370,1.1,3.9,.277,1.4,2.8,.500,0.4,0.7,.625,1.5,4.0,5.5,1.9,0.9,0.7,1.8,5.2,6.5
58,Devin Booker\bookede01,SG,24,PHO,67,67,2270,9.9,20.4,.484,2.0,5.9,.340,7.9,14.5,.543,5.4,6.2,.867,0.5,3.9,4.5,4.6,0.8,0.3,3.3,2.9,27.2
59,Chris Boucher\bouchch01,C,28,TOR,60,14,1453,7.1,13.9,.514,2.2,5.8,.383,4.9,8.1,.609,3.8,4.8,.788,2.9,7.1,10.0,1.6,0.9,2.8,1.1,4.1,20.3
60,Brian Bowen\bowenbr02,SF,22,IND,6,0,15,2.4,9.6,.250,0.0,2.4,.000,2.4,7.2,.333,2.4,2.4,1.000,0.0,7.2,7.2,0.0,0.0,0.0,0.0,2.4,7.2
61,Avery Bradley\bradlav01,SG,30,TOT,27,6,602,3.8,10.2,.374,2.0,6.0,.327,1.9,4.2,.443,0.7,0.9,.800,0.5,2.9,3.4,2.8,1.3,0.2,1.7,3.3,10.3
61,Avery Bradley\bradlav01,SG,30,MIA,10,1,211,5.3,11.3,.470,2.7,6.5,.421,2.6,4.8,.536,1.2,1.5,.778,0.3,2.7,3.1,2.4,1.2,0.2,1.5,4.4,14.5
61,Avery Bradley\bradlav01,SG,30,HOU,17,5,391,3.0,9.7,.314,1.6,5.8,.270,1.5,3.9,.381,0.5,0.6,.833,0.6,3.0,3.6,2.9,1.3,0.2,1.7,2.7,8.1
62,Tony Bradley\bradlto01,C,23,TOT,42,8,684,6.9,10.4,.665,0.0,0.2,.000,6.9,10.2,.675,2.0,2.9,.691,4.5,8.1,12.6,1.9,0.8,1.6,1.7,3.2,15.8
62,Tony Bradley\bradlto01,C,23,PHI,20,8,287,6.4,9.4,.680,0.0,0.1,.000,6.4,9.3,.689,0.9,1.4,.636,4.9,8.2,13.0,2.1,0.8,1.6,0.8,3.5,13.7
62,Tony Bradley\bradlto01,C,23,OKC,22,0,397,7.3,11.1,.656,0.0,0.2,.000,7.3,10.9,.667,2.8,4.0,.705,4.2,8.1,12.2,1.8,0.8,1.5,2.4,3.0,17.3
63,Jarrell Brantley\brantja01,PF,24,UTA,28,0,138,6.5,13.6,.481,3.1,7.3,.429,3.4,6.3,.542,0.5,0.5,1.000,2.3,4.7,7.0,3.9,1.8,0.5,2.1,4.4,16.7
64,Ignas Brazdeikis\brazdig01,SF,22,TOT,13,0,249,5.1,12.0,.422,1.6,4.0,.393,3.5,8.0,.436,1.4,2.0,.714,1.6,4.9,6.5,2.5,0.6,0.4,1.7,3.2,13.2
64,Ignas Brazdeikis\brazdig01,SF,22,NYK,4,0,7,0.0,5.1,.000,0.0,0.0,,0.0,5.1,.000,10.3,10.3,1.000,5.1,5.1,10.3,5.1,0.0,0.0,5.1,0.0,10.3
64,Ignas Brazdeikis\brazdig01,SF,22,PHI,1,0,8,0.0,13.5,.000,0.0,4.5,.000,0.0,9.0,.000,0.0,0.0,,0.0,9.0,9.0,0.0,0.0,0.0,0.0,0.0,0.0
64,Ignas Brazdeikis\brazdig01,SF,22,ORL,8,0,234,5.4,12.2,.443,1.7,4.2,.407,3.7,8.0,.462,1.2,1.8,.667,1.5,4.8,6.3,2.5,0.6,0.5,1.7,3.4,13.7
65,Mikal Bridges\bridgmi01,SF,24,PHO,72,72,2348,5.6,10.3,.543,2.1,4.8,.425,3.5,5.4,.647,1.7,2.0,.840,1.2,3.6,4.7,2.3,1.2,1.0,0.9,1.8,14.9
66,Miles Bridges\bridgmi02,PF,22,CHO,66,19,1932,5.8,11.6,.503,2.2,5.4,.400,3.7,6.2,.593,1.8,2.1,.867,1.5,5.9,7.4,2.7,0.8,1.0,2.0,2.7,15.7
67,Amida Brimah\brimaam01,C,26,IND,5,0,29,6.2,9.9,.625,0.0,0.0,,6.2,9.9,.625,3.7,3.7,1.000,2.5,7.4,9.9,1.2,0.0,6.2,5.0,5.0,16.1
68,Oshae Brissett\brissos01,SF,22,IND,21,16,519,5.1,10.5,.483,2.3,5.4,.423,2.8,5.1,.548,3.5,4.5,.769,2.0,6.0,8.0,1.2,1.3,1.4,0.7,2.2,15.9
69,Malcolm Brogdon\brogdma01,PG,28,IND,56,56,1930,8.3,18.3,.453,2.7,7.0,.388,5.6,11.3,.493,2.9,3.3,.864,1.1,4.4,5.5,6.1,0.9,0.3,2.1,2.1,22.1
70,Armoni Brooks\brookar01,SG,22,HOU,20,5,520,5.4,13.3,.406,4.2,10.9,.382,1.2,2.4,.514,0.5,0.8,.583,0.7,4.0,4.7,2.1,0.8,0.3,1.5,2.4,15.4
71,Dillon Brooks\brookdi01,SF,25,MEM,67,67,1997,7.8,18.6,.419,2.3,6.7,.344,5.5,11.9,.461,2.9,3.5,.815,1.0,2.6,3.5,2.8,1.4,0.5,2.1,4.3,20.7
72,Bruce Brown\brownbr01,PG,24,BRK,65,37,1451,5.8,10.5,.556,0.4,1.5,.288,5.4,9.0,.599,2.1,2.9,.735,2.8,5.9,8.7,2.6,1.4,0.7,1.3,3.6,14.2
73,Charlie Brown Jr.\brownch02,SG,23,OKC,9,1,152,3.1,10.2,.302,1.2,5.0,.238,1.9,5.2,.364,2.1,2.4,.900,0.7,3.3,4.0,2.1,0.9,0.5,1.4,4.5,9.5
74,Jaylen Brown\brownja02,SG,24,BOS,58,58,1999,9.7,20.0,.484,2.9,7.4,.397,6.8,12.6,.536,3.4,4.5,.764,1.3,5.0,6.2,3.5,1.3,0.6,2.8,3.0,25.8
75,Moses Brown\brownmo01,C,21,OKC,43,32,920,5.7,10.5,.545,0.0,0.0,,5.7,10.5,.545,3.1,4.9,.619,6.0,9.0,15.0,0.4,1.2,1.8,1.7,3.6,14.5
76,Sterling Brown\brownst02,SG,25,HOU,51,14,1229,4.4,9.8,.448,2.7,6.3,.423,1.7,3.5,.492,0.7,0.9,.806,1.1,5.4,6.6,2.1,1.1,0.4,1.2,2.8,12.2
77,Troy Brown Jr.\browntr01,SF,21,TOT,34,0,524,4.3,9.9,.431,1.5,4.8,.314,2.7,5.1,.541,1.0,1.4,.714,1.4,5.8,7.2,2.0,0.7,0.4,1.4,3.4,11.1
77,Troy Brown Jr.\browntr01,SF,21,WAS,21,0,287,4.1,11.2,.371,1.8,5.8,.304,2.4,5.4,.442,1.3,1.9,.667,1.4,6.3,7.7,2.4,0.4,0.5,2.0,3.6,11.3
77,Troy Brown Jr.\browntr01,SF,21,CHI,13,0,237,4.4,8.4,.527,1.2,3.6,.333,3.2,4.7,.677,0.8,0.9,.833,1.4,5.3,6.7,1.5,1.1,0.3,0.8,3.0,10.8
78,Jalen Brunson\brunsja01,PG,24,DAL,68,12,1697,7.0,13.3,.523,1.7,4.2,.405,5.2,9.1,.578,2.5,3.2,.795,0.6,4.3,4.9,5.1,0.7,0.0,1.7,2.3,18.2
79,Elijah Bryant\bryanel01,SG,25,MIL,1,0,32,6.8,14.6,.462,1.1,5.6,.200,5.6,9.0,.625,3.4,3.4,1.000,2.3,4.5,6.8,3.4,0.0,1.1,4.5,4.5,18.0
80,Thomas Bryant\bryanth01,C,23,WAS,10,10,271,7.8,12.1,.648,1.2,2.8,.429,6.6,9.3,.714,2.1,3.2,.667,2.4,5.7,8.1,2.0,0.5,1.1,1.5,4.1,19.0
81,Reggie Bullock\bullore01,SF,29,NYK,65,64,1949,4.6,10.4,.442,3.0,7.4,.410,1.6,3.0,.521,0.9,1.0,.909,0.3,3.8,4.1,1.8,1.0,0.2,0.8,2.7,13.1
82,Trey Burke\burketr01,PG,28,DAL,62,1,911,6.0,13.9,.428,2.3,6.5,.354,3.7,7.5,.492,2.0,2.3,.895,0.4,1.7,2.1,3.2,1.4,0.3,1.3,2.5,16.2
83,Alec Burks\burksal01,SG,29,NYK,49,5,1255,6.0,14.3,.420,2.9,7.1,.415,3.1,7.3,.425,2.9,3.4,.856,0.6,5.9,6.5,3.1,0.9,0.4,1.4,2.9,17.9
84,Jimmy Butler\butleji01,SF,31,MIA,52,52,1745,7.6,15.2,.497,0.5,2.1,.245,7.0,13.1,.538,7.4,8.6,.863,1.9,5.5,7.4,7.6,2.2,0.4,2.2,1.5,23.0
85,Bruno Caboclo\cabocbr01,PF,25,HOU,6,0,36,8.0,17.0,.471,0.0,5.0,.000,8.0,12.0,.667,1.0,2.0,.500,3.0,11.0,14.0,1.0,0.0,2.0,4.0,6.0,17.0
86,Devontae Cacok\cacokde01,PF,24,LAL,20,1,98,6.2,10.7,.586,0.0,0.0,,6.2,10.7,.586,1.8,4.0,.455,4.4,7.3,11.8,0.4,1.8,1.5,1.8,2.9,14.3
87,Kentavious Caldwell-Pope\caldwke01,SG,27,LAL,67,67,1902,4.1,9.6,.431,2.3,5.5,.410,1.9,4.0,.460,1.8,2.1,.866,0.5,2.9,3.4,2.4,1.2,0.5,1.2,2.2,12.4
88,Facundo Campazzo\campafa01,PG,29,DEN,65,19,1425,3.0,8.0,.381,1.9,5.5,.352,1.1,2.5,.444,2.0,2.3,.879,0.6,2.8,3.4,5.9,2.0,0.4,1.8,3.3,10.0
89,Vlatko Čančar\cancavl01,PF,23,DEN,41,1,281,4.2,9.2,.458,1.2,4.2,.273,3.1,5.0,.615,1.3,1.7,.769,1.4,5.0,6.4,1.8,1.4,0.3,1.8,2.3,10.9
90,Devin Cannady\cannade01,PG,24,ORL,8,0,74,5.4,13.6,.393,2.9,7.8,.375,2.4,5.8,.417,2.9,3.4,.857,0.0,2.4,2.4,0.5,2.4,0.5,1.0,4.4,16.5
91,Clint Capela\capelca01,C,26,ATL,63,63,1898,7.8,13.2,.594,0.0,0.0,,7.8,13.2,.594,2.5,4.3,.573,5.6,11.5,17.1,0.9,0.8,2.4,1.4,2.8,18.1
92,Vernon Carey Jr.\careyve01,C,19,CHO,19,4,115,5.6,11.3,.500,0.3,2.2,.143,5.3,9.1,.586,2.8,3.4,.818,1.9,6.6,8.5,0.6,0.3,1.6,1.6,4.1,14.4
93,Jevon Carter\carteje01,PG,25,PHO,60,1,717,4.7,11.2,.422,2.8,7.6,.371,1.9,3.6,.528,0.2,0.4,.571,0.8,3.8,4.6,3.6,1.5,0.5,0.8,2.8,12.5
94,Wendell Carter Jr.\cartewe01,C,21,TOT,54,44,1375,6.0,12.0,.503,0.4,1.3,.294,5.6,10.6,.530,3.4,4.7,.732,3.5,8.1,11.6,2.7,0.9,1.1,2.0,3.8,15.9
94,Wendell Carter Jr.\cartewe01,C,21,CHI,32,25,792,5.9,11.5,.512,0.4,1.0,.364,5.5,10.5,.526,3.7,5.0,.739,3.2,8.2,11.4,3.1,0.8,1.1,2.2,4.4,15.8
94,Wendell Carter Jr.\cartewe01,C,21,ORL,22,19,583,6.2,12.7,.493,0.4,1.8,.241,5.8,10.9,.534,3.0,4.2,.721,3.8,8.1,11.9,2.2,1.0,1.1,1.8,3.1,15.9
95,Michael Carter-Williams\cartemi01,SG,29,ORL,31,25,800,4.7,12.2,.389,0.7,2.7,.246,4.1,9.4,.431,2.2,3.6,.613,1.8,4.5,6.3,5.8,1.1,0.8,3.1,3.6,12.3
96,Alex Caruso\carusal01,PG,26,LAL,58,6,1216,3.9,9.0,.436,1.6,4.1,.401,2.3,5.0,.464,1.5,2.3,.645,0.9,4.1,5.0,4.7,1.9,0.4,2.3,3.2,11.0
97,Willie Cauley-Stein\caulewi01,C,27,DAL,53,16,906,4.6,7.2,.632,0.0,0.4,.091,4.5,6.8,.667,1.9,3.1,.628,2.6,6.8,9.4,1.4,0.8,1.7,1.2,5.1,11.1
98,Chris Chiozza\chiozch01,PG,25,BRK,22,1,232,4.8,13.7,.352,2.0,6.5,.310,2.8,7.1,.391,2.0,2.6,.765,0.5,3.3,3.7,10.1,1.1,0.9,2.5,2.9,13.7
99,Marquese Chriss\chrisma01,PF,23,GSW,2,0,27,6.7,18.7,.357,1.3,6.7,.200,5.3,12.0,.444,2.7,5.3,.500,4.0,13.3,17.3,2.7,0.0,2.7,2.7,4.0,17.3
100,Gary Clark\clarkga01,PF-SF,26,TOT,39,11,654,2.2,7.3,.303,1.7,5.9,.287,0.5,1.3,.375,0.4,0.6,.800,1.8,4.5,6.3,1.7,0.7,0.4,0.9,1.9,6.6
100,Gary Clark\clarkga01,SF,26,ORL,35,11,637,2.3,7.4,.305,1.8,6.1,.287,0.5,1.3,.391,0.5,0.6,.800,1.9,4.5,6.3,1.7,0.7,0.4,1.0,1.9,6.7
100,Gary Clark\clarkga01,SF,26,DEN,2,0,4,0.0,0.0,,0.0,0.0,,0.0,0.0,,0.0,0.0,,0.0,9.0,9.0,0.0,0.0,0.0,0.0,0.0,0.0
100,Gary Clark\clarkga01,PF,26,PHI,2,0,13,0.0,2.8,.000,0.0,0.0,,0.0,2.8,.000,0.0,0.0,,0.0,5.5,5.5,2.8,2.8,0.0,0.0,2.8,0.0
101,Brandon Clarke\clarkbr01,PF,24,MEM,59,16,1415,6.5,12.6,.517,0.5,2.0,.260,6.0,10.6,.565,2.0,2.9,.690,2.5,5.9,8.3,2.4,1.5,1.3,0.8,2.1,15.5
102,Jordan Clarkson\clarkjo01,SG,28,UTA,68,1,1818,9.0,21.3,.425,4.1,11.9,.347,4.9,9.4,.523,2.6,2.9,.896,0.9,4.5,5.4,3.3,1.2,0.2,2.3,2.2,24.8
103,Nic Claxton\claxtni01,C,21,BRK,32,1,594,5.5,8.8,.621,0.1,0.3,.200,5.4,8.5,.636,1.9,3.9,.484,2.6,7.5,10.1,1.7,1.4,2.4,1.1,4.1,12.8
104,Amir Coffey\coffeam01,SG,23,LAC,44,1,394,4.1,9.4,.437,2.1,5.1,.411,2.0,4.3,.468,2.5,3.5,.711,0.9,3.1,4.0,2.0,0.9,0.0,1.4,2.7,12.8
105,John Collins\collijo01,PF,23,ATL,63,63,1848,8.4,15.0,.556,1.6,4.1,.399,6.7,11.0,.615,3.3,4.0,.833,2.3,6.8,9.1,1.5,0.7,1.2,1.6,3.8,21.6
106,Mike Conley\conlemi01,PG,33,UTA,51,51,1498,6.8,15.4,.444,3.3,8.1,.412,3.5,7.3,.479,2.9,3.4,.852,0.9,3.4,4.3,7.3,1.7,0.2,2.4,2.4,19.9
107,Pat Connaughton\connapa01,SG,28,MIL,69,4,1575,3.8,8.8,.434,2.3,6.2,.371,1.5,2.6,.583,0.7,0.9,.775,1.4,6.1,7.6,1.9,1.1,0.5,0.8,2.3,10.7
108,Quinn Cook\cookqu01,PG,27,TOT,23,0,157,6.6,15.6,.426,2.5,6.0,.423,4.1,9.6,.429,1.6,1.8,.875,0.5,3.4,3.9,4.1,0.9,0.2,1.6,2.3,17.4
108,Quinn Cook\cookqu01,PG,27,LAL,16,0,62,7.0,15.1,.462,2.9,7.5,.385,4.1,7.5,.538,2.3,2.9,.800,0.0,2.9,2.9,2.9,0.6,0.6,1.7,1.2,19.2
108,Quinn Cook\cookqu01,PG,27,CLE,7,0,95,6.4,15.9,.405,2.3,4.9,.462,4.2,11.0,.379,1.1,1.1,1.000,0.8,3.8,4.5,4.9,1.1,0.0,1.5,3.0,16.3
109,Tyler Cook\cookty01,SF-PF,23,TOT,32,1,438,5.7,8.5,.670,0.1,0.2,.500,5.6,8.3,.673,1.4,2.9,.486,2.3,5.5,7.8,1.4,0.7,0.2,1.7,2.9,12.8
109,Tyler Cook\cookty01,PF,23,BRK,4,0,17,2.1,6.4,.333,0.0,0.0,,2.1,6.4,.333,0.0,0.0,,2.1,2.1,4.2,4.2,0.0,0.0,2.1,4.2,4.2
109,Tyler Cook\cookty01,SF,23,DET,28,1,421,5.8,8.6,.680,0.1,0.2,.500,5.7,8.4,.684,1.5,3.0,.486,2.3,5.6,8.0,1.3,0.7,0.2,1.7,2.8,13.2
110,DeMarcus Cousins\couside01,C,30,TOT,41,11,713,6.6,15.4,.426,2.4,6.8,.348,4.2,8.6,.488,3.0,4.1,.728,2.7,10.6,13.3,3.8,1.7,1.2,3.2,5.4,18.5
110,DeMarcus Cousins\couside01,C,30,HOU,25,11,506,5.6,14.9,.376,2.8,8.3,.336,2.8,6.7,.426,3.1,4.2,.746,2.1,11.5,13.6,4.3,1.5,1.3,2.8,5.3,17.1
110,DeMarcus Cousins\couside01,C,30,LAC,16,0,207,8.9,16.5,.537,1.4,3.3,.421,7.5,13.2,.566,2.6,3.8,.682,4.0,8.5,12.5,2.8,2.3,1.0,4.3,5.7,21.7
111,Robert Covington\covinro01,PF,30,POR,70,70,2243,3.3,8.2,.401,2.2,5.7,.379,1.1,2.5,.451,0.8,1.0,.806,1.0,6.5,7.5,1.9,1.6,1.3,1.0,3.1,9.5
112,Torrey Craig\craigto01,SF,30,TOT,50,8,803,4.9,10.2,.480,1.7,4.8,.368,3.1,5.4,.579,0.8,1.0,.773,2.6,6.3,8.8,2.2,1.3,1.2,1.1,3.7,12.3
112,Torrey Craig\craigto01,SF,30,MIL,18,0,201,3.2,8.2,.391,1.4,3.9,.364,1.8,4.3,.417,0.2,0.4,.500,2.3,5.4,7.7,2.9,1.6,1.3,0.9,4.3,8.1
112,Torrey Craig\craigto01,SF,30,PHO,32,8,602,5.4,10.8,.503,1.9,5.0,.369,3.6,5.8,.619,1.0,1.2,.800,2.6,6.6,9.2,2.0,1.1,1.1,1.2,3.5,13.7
113,Jae Crowder\crowdja01,PF,30,PHO,60,42,1648,4.3,10.7,.404,3.2,8.3,.389,1.1,2.4,.455,1.2,1.6,.760,0.7,5.5,6.2,2.8,1.0,0.6,1.2,2.7,13.2
114,Jarrett Culver\culveja01,SG,21,MIN,34,7,499,5.0,12.1,.411,0.9,3.8,.245,4.0,8.3,.487,2.1,3.5,.604,2.5,5.1,7.5,1.7,1.2,0.6,2.0,4.2,13.0
115,Seth Curry\curryse01,SG,30,PHI,57,57,1638,5.7,12.1,.467,2.8,6.2,.450,2.9,6.0,.485,1.5,1.7,.896,0.2,2.8,3.0,3.4,1.0,0.2,1.4,2.1,15.6
116,Stephen Curry\curryst01,PG,32,GSW,63,63,2152,11.0,22.8,.482,5.6,13.4,.421,5.4,9.4,.569,6.1,6.6,.916,0.5,5.3,5.8,6.1,1.3,0.1,3.6,2.0,33.7
117,Nate Darling\darlina01,SG,22,CHO,7,0,26,2.8,9.7,.286,2.8,9.7,.286,0.0,0.0,,4.2,4.2,1.000,1.4,0.0,1.4,1.4,0.0,1.4,1.4,1.4,12.5
118,Anthony Davis\davisan02,PF,27,LAL,36,36,1162,9.3,19.0,.491,0.8,3.1,.260,8.5,15.9,.536,4.9,6.6,.738,1.9,6.9,8.9,3.4,1.4,1.8,2.3,1.9,24.4
119,Ed Davis\davised01,C,31,MIN,23,7,299,2.3,5.3,.432,0.0,0.0,,2.3,5.3,.432,1.2,1.4,.833,5.5,8.3,13.8,2.5,1.6,1.6,0.8,6.7,5.8
120,Terence Davis\daviste02,SG,23,TOT,61,4,1074,6.5,15.3,.428,3.3,8.9,.367,3.3,6.3,.513,1.5,1.8,.818,0.7,4.5,5.2,2.8,1.5,0.5,2.1,3.3,17.9
120,Terence Davis\daviste02,SG,23,TOR,34,4,493,6.4,15.3,.414,3.2,8.9,.361,3.1,6.4,.489,1.2,1.3,.889,0.7,4.2,4.8,2.7,1.2,0.5,2.1,3.5,17.1
120,Terence Davis\daviste02,SG,23,SAC,27,0,581,6.7,15.2,.439,3.3,9.0,.372,3.3,6.3,.535,1.8,2.3,.784,0.7,4.8,5.5,2.9,1.7,0.4,2.1,3.0,18.5
121,Gabriel Deck\deckga01,PF,25,OKC,10,0,212,5.4,11.4,.478,0.3,2.5,.133,5.1,8.8,.577,3.1,3.7,.818,2.7,4.1,6.8,4.1,1.4,0.0,1.0,1.5,14.3
122,Dewayne Dedmon\dedmode01,C,31,MIA,16,0,210,7.9,11.1,.708,0.2,0.9,.200,7.7,10.3,.750,3.4,4.6,.741,4.8,9.9,14.7,2.1,1.5,1.0,2.2,6.2,19.4
123,Matthew Dellavedova\dellama01,PG,30,CLE,13,1,224,2.3,9.0,.250,0.6,4.0,.160,1.6,5.0,.323,0.6,0.6,1.000,1.0,2.9,3.9,9.3,0.6,0.2,1.0,3.4,5.8
124,DeMar DeRozan\derozde01,PF,31,SAS,61,61,2056,8.0,16.1,.495,0.3,1.3,.257,7.6,14.8,.515,6.8,7.7,.880,0.7,3.8,4.5,7.4,1.0,0.3,2.1,2.2,23.0
125,Mamadi Diakite\diakima01,PF,24,MIL,14,1,141,4.1,10.2,.400,0.3,2.0,.125,3.8,8.2,.469,2.8,3.6,.786,2.0,6.6,8.7,2.0,1.8,1.5,0.8,4.1,11.2
126,Hamidou Diallo\diallha01,SG-SF,22,TOT,52,9,1226,6.6,13.8,.477,0.8,2.4,.341,5.8,11.4,.505,3.8,5.9,.640,1.7,6.3,8.0,3.0,1.2,0.7,2.2,3.9,17.7
126,Hamidou Diallo\diallha01,SG,22,OKC,32,5,761,6.8,14.0,.481,0.6,1.9,.293,6.2,12.1,.512,3.9,6.2,.629,1.8,6.1,7.8,3.6,1.5,0.6,2.3,3.9,18.0
126,Hamidou Diallo\diallha01,SF,22,DET,20,4,465,6.3,13.4,.468,1.2,3.2,.390,5.0,10.2,.492,3.5,5.3,.662,1.7,6.6,8.3,1.9,0.8,0.9,2.1,3.9,17.3
127,Gorgui Dieng\dienggo01,C,31,TOT,38,1,552,5.5,10.6,.521,2.0,4.6,.429,3.6,6.1,.591,3.8,4.4,.866,2.6,6.5,9.1,3.1,1.7,1.0,2.1,3.7,16.8
127,Gorgui Dieng\dienggo01,C,31,MEM,22,1,371,5.4,10.5,.519,2.2,4.7,.479,3.2,5.8,.550,3.7,4.2,.884,2.7,6.8,9.5,2.8,1.6,1.4,2.1,3.7,16.8
127,Gorgui Dieng\dienggo01,C,31,SAS,16,0,181,5.8,10.9,.527,1.4,4.4,.318,4.4,6.6,.667,4.0,4.8,.833,2.4,6.0,8.4,3.8,1.8,0.4,2.0,3.6,16.9
128,Spencer Dinwiddie\dinwisp01,SG,27,BRK,3,3,64,3.4,9.0,.375,1.1,3.9,.286,2.3,5.1,.444,3.4,3.4,1.000,0.0,7.3,7.3,5.1,1.1,0.6,2.8,2.3,11.3
129,Donte DiVincenzo\divindo01,SG,24,MIL,66,66,1814,5.0,12.0,.420,2.6,6.9,.379,2.4,5.1,.475,1.0,1.4,.718,1.6,5.9,7.5,4.0,1.4,0.3,1.8,2.2,13.7
130,Luka Dončić\doncilu01,PG,21,DAL,66,66,2262,10.3,21.5,.479,3.1,8.7,.350,7.2,12.8,.567,5.5,7.5,.730,0.9,7.5,8.4,9.0,1.0,0.6,4.5,2.4,29.1
131,Luguentz Dort\dortlu01,SG,21,OKC,52,52,1543,5.8,14.9,.387,2.6,7.7,.343,3.1,7.2,.432,2.8,3.8,.744,0.9,3.5,4.4,2.1,1.0,0.4,1.8,3.1,17.0
132,Damyean Dotson\dotsoda01,SG,26,CLE,46,7,907,4.7,11.6,.406,1.8,6.3,.289,2.9,5.3,.545,1.0,1.4,.667,0.2,3.5,3.7,3.6,0.6,0.2,1.7,1.7,12.2
133,Devon Dotson\dotsode01,PG,21,CHI,11,0,50,7.9,15.1,.524,0.7,5.0,.143,7.2,10.1,.714,0.0,0.0,,1.4,2.2,3.6,5.0,2.9,0.0,0.0,2.2,16.6
134,Sekou Doumbouya\doumbse01,PF,20,DET,56,11,869,4.4,11.7,.379,1.1,4.8,.226,3.4,6.9,.485,1.9,2.7,.703,1.6,4.3,5.9,1.9,1.0,0.4,1.8,3.9,11.8
135,PJ Dozier\doziepj01,SG,24,DEN,50,6,1088,4.9,11.7,.417,1.6,4.9,.315,3.3,6.8,.490,1.4,2.2,.636,1.2,4.9,6.0,3.0,1.0,0.7,1.5,2.8,12.7
136,Goran Dragić\dragigo01,PG,34,MIA,50,11,1337,6.5,14.9,.432,2.5,6.6,.373,4.0,8.4,.479,2.7,3.3,.828,0.7,3.9,4.6,5.9,0.9,0.2,3.2,3.0,18.1
137,Andre Drummond\drumman01,C,27,TOT,46,46,1242,8.2,16.6,.493,0.0,0.2,.000,8.2,16.3,.500,3.6,5.9,.600,4.8,11.2,16.0,2.7,1.8,1.4,3.6,4.3,19.9
137,Andre Drummond\drumman01,C,27,CLE,25,25,722,9.0,18.9,.474,0.0,0.4,.000,9.0,18.5,.484,3.8,6.4,.597,5.0,11.8,16.8,3.2,2.0,1.4,4.0,3.4,21.8
137,Andre Drummond\drumman01,C,27,LAL,21,21,520,7.1,13.3,.531,0.0,0.0,,7.1,13.3,.531,3.2,5.3,.605,4.5,10.3,14.8,2.1,1.6,1.4,3.0,5.5,17.3
138,Jared Dudley\dudleja01,PF,35,LAL,12,0,81,0.9,4.0,.222,0.9,2.7,.333,0.0,1.3,.000,0.0,0.0,,1.8,7.6,9.3,2.2,0.4,0.4,0.9,3.1,2.7
139,Kris Dunn\dunnkr01,PG,26,ATL,4,0,45,0.8,9.6,.083,0.0,1.6,.000,0.8,8.0,.100,2.4,3.2,.750,0.0,4.8,4.8,1.6,1.6,1.6,2.4,8.0,4.0
140,Kevin Durant\duranke01,PF,32,BRK,35,32,1157,10.1,18.8,.537,2.6,5.9,.450,7.4,12.9,.577,6.5,7.4,.882,0.4,7.3,7.7,6.1,0.8,1.4,3.7,2.2,29.3
141,Anthony Edwards\edwaran01,SG,19,MIN,72,55,2314,7.9,18.8,.417,2.7,8.1,.329,5.2,10.8,.483,3.3,4.2,.776,0.9,4.3,5.2,3.3,1.3,0.6,2.5,2.0,21.7
142,Carsen Edwards\edwarca01,SG,22,BOS,31,1,276,6.1,14.5,.423,2.3,8.2,.286,3.8,6.3,.604,1.4,1.7,.846,0.4,3.0,3.4,1.8,0.9,0.1,0.9,3.3,16.0
143,CJ Elleby\ellebcj01,SF,20,POR,30,0,192,4.7,12.4,.379,1.3,6.4,.206,3.4,6.0,.563,2.1,2.8,.733,2.1,3.9,6.0,1.9,1.1,0.6,0.9,5.1,12.7
144,Henry Ellenson\ellenhe01,PF,24,TOR,2,0,38,4.7,13.3,.357,1.9,8.5,.222,2.8,4.7,.600,2.8,3.8,.750,2.8,8.5,11.4,4.7,0.0,0.0,0.0,6.6,14.2
145,Wayne Ellington\ellinwa01,SG,33,DET,46,31,1012,5.3,12.0,.441,4.1,9.8,.422,1.2,2.2,.524,1.0,1.2,.800,0.4,2.6,3.0,2.4,0.6,0.3,1.2,2.1,15.7
146,Joel Embiid\embiijo01,C,26,PHI,51,51,1585,10.5,20.4,.513,1.3,3.5,.377,9.2,16.9,.541,10.7,12.4,.859,2.6,9.7,12.2,3.3,1.1,1.6,3.6,2.8,33.0
147,James Ennis III\ennisja01,SF,30,ORL,41,37,986,4.2,8.9,.473,1.6,3.8,.433,2.6,5.1,.504,2.6,3.2,.805,1.6,4.5,6.1,2.3,1.2,0.3,1.3,3.1,12.6
148,Drew Eubanks\eubandr01,C,23,SAS,54,3,755,5.5,9.8,.566,0.1,0.1,1.000,5.4,9.7,.562,3.7,5.1,.726,3.5,8.0,11.5,2.0,0.9,2.3,2.1,4.2,14.8
149,Dante Exum\exumda01,SG,25,CLE,6,3,116,3.1,8.1,.385,0.6,3.4,.182,2.5,4.7,.533,0.3,0.6,.500,0.6,4.7,5.3,4.0,1.2,0.6,2.2,2.8,7.1
150,Tacko Fall\fallta01,C,25,BOS,19,0,136,5.6,7.7,.724,0.0,0.0,,5.6,7.7,.724,1.3,4.0,.333,4.2,9.5,13.8,0.8,0.3,5.3,1.6,5.8,12.4
151,Derrick Favors\favorde01,C,29,UTA,68,0,1039,5.4,8.4,.638,0.0,0.1,.000,5.4,8.4,.643,2.0,2.8,.738,4.8,8.2,13.0,1.5,1.1,2.4,1.2,5.0,12.8
152,Cristiano Felício\feliccr01,C,28,CHI,18,0,84,3.0,5.6,.538,0.0,0.9,.000,3.0,4.7,.636,3.9,6.9,.563,4.3,6.9,11.1,3.9,1.7,0.0,1.7,4.3,9.9
153,Terrance Ferguson\fergute01,SG,22,PHI,13,0,49,0.7,5.1,.143,0.0,3.7,.000,0.7,1.5,.500,0.0,0.0,,0.0,0.7,0.7,1.5,0.7,0.0,2.9,5.1,1.5
154,Bruno Fernando\fernabr01,C,22,ATL,33,0,226,2.9,7.0,.409,0.0,0.3,.000,2.9,6.7,.429,2.4,3.5,.682,2.5,9.9,12.4,1.6,0.6,0.5,3.3,3.7,8.1
155,Yogi Ferrell\ferreyo01,PG,27,TOT,10,0,136,5.3,15.1,.351,2.4,7.4,.321,2.9,7.7,.379,1.9,2.4,.778,1.3,3.7,5.0,5.8,1.9,0.8,0.8,2.9,14.8
155,Yogi Ferrell\ferreyo01,PG,27,CLE,2,0,40,7.2,18.9,.381,2.7,8.1,.333,4.5,10.8,.417,0.0,1.8,.000,2.7,3.6,6.3,4.5,2.7,0.9,2.7,3.6,17.1
155,Yogi Ferrell\ferreyo01,PG,27,LAC,8,0,96,4.5,13.5,.333,2.3,7.1,.316,2.3,6.4,.353,2.6,2.6,1.000,0.7,3.7,4.5,6.4,1.5,0.7,0.0,2.6,13.9
156,Dorian Finney-Smith\finnedo01,PF,27,DAL,60,60,1921,4.1,8.7,.472,2.2,5.7,.394,1.9,3.1,.616,0.6,0.8,.756,1.8,4.3,6.1,1.9,1.0,0.5,0.9,2.6,11.1
157,Malik Fitts\fittsma01,PF,23,LAC,3,0,11,3.3,9.8,.333,3.3,6.5,.500,0.0,3.3,.000,0.0,0.0,,0.0,9.8,9.8,0.0,0.0,0.0,0.0,9.8,9.8
158,Malachi Flynn\flynnma01,PG,22,TOR,47,14,928,4.9,13.2,.374,2.1,6.5,.321,2.8,6.7,.424,1.7,2.2,.804,0.4,4.1,4.5,5.3,1.5,0.3,1.7,2.6,13.7
159,Bryn Forbes\forbebr01,SG,27,MIL,70,10,1354,6.6,14.1,.473,4.1,9.1,.452,2.6,5.0,.511,1.2,1.6,.770,0.3,2.7,3.0,1.2,0.6,0.0,1.2,2.0,18.6
160,Trent Forrest\forretr01,PG,22,UTA,30,0,302,3.8,8.5,.451,0.6,3.1,.192,3.2,5.4,.600,2.3,2.3,1.000,1.3,3.9,5.2,5.4,1.1,0.5,2.5,2.6,10.5
161,Evan Fournier\fournev01,SF-SG,28,TOT,42,36,1259,7.1,15.5,.457,3.3,8.1,.413,3.7,7.4,.504,3.1,3.9,.788,0.3,3.4,3.7,4.1,1.3,0.5,2.1,2.7,20.6
161,Evan Fournier\fournev01,SF,28,ORL,26,26,787,7.8,16.9,.461,3.3,8.6,.388,4.4,8.3,.536,4.5,5.6,.797,0.2,3.2,3.4,4.3,1.2,0.4,2.5,2.5,23.4
161,Evan Fournier\fournev01,SG,28,BOS,16,10,472,5.9,13.1,.448,3.4,7.2,.463,2.5,5.9,.429,0.8,1.1,.714,0.4,3.7,4.0,3.7,1.5,0.8,1.4,3.1,15.9
162,De'Aaron Fox\foxde01,PG,23,SAC,58,58,2036,9.4,19.6,.477,1.8,5.7,.322,7.5,14.0,.539,5.3,7.4,.719,0.6,3.0,3.6,7.4,1.5,0.5,3.1,3.0,25.8
163,Robert Franks\frankro01,PF,24,ORL,7,0,101,4.6,10.0,.464,1.8,5.3,.333,2.9,4.6,.615,4.3,4.6,.923,2.1,2.9,5.0,1.8,1.1,1.1,0.7,2.9,15.3
164,Tim Frazier\fraziti01,PG,30,MEM,5,0,62,1.7,11.6,.150,0.0,4.6,.000,1.7,7.0,.250,1.2,3.5,.333,0.0,4.6,4.6,9.3,1.2,0.6,2.3,4.1,4.6
165,Enes Freedom\kanteen01,C,28,POR,72,35,1758,6.9,11.5,.604,0.0,0.1,.250,6.9,11.4,.607,2.6,3.4,.774,5.8,10.5,16.3,1.7,0.7,1.0,1.6,3.4,16.5
166,Markelle Fultz\fultzma01,PG,22,ORL,8,8,215,6.9,17.4,.394,0.7,2.7,.250,6.2,14.7,.420,2.8,3.2,.895,0.8,3.3,4.2,7.2,1.3,0.3,3.0,3.0,17.2
167,Wenyen Gabriel\gabriwe01,PF,23,NOP,21,0,241,3.6,9.0,.400,1.9,4.8,.406,1.6,4.2,.393,1.6,2.5,.647,3.0,5.1,8.1,1.6,1.3,1.2,2.2,4.8,10.8
168,Daniel Gafford\gaffoda01,PF-C,22,TOT,54,11,791,7.0,10.2,.684,0.0,0.0,,7.0,10.2,.684,3.3,4.9,.667,4.3,6.2,10.5,1.3,1.2,3.4,1.9,4.5,17.3
168,Daniel Gafford\gaffoda01,PF,22,CHI,31,11,383,5.6,8.2,.690,0.0,0.0,,5.6,8.2,.690,2.5,3.9,.659,4.1,5.5,9.7,1.6,1.0,3.2,2.1,5.1,13.8
168,Daniel Gafford\gaffoda01,C,22,WAS,23,0,408,8.3,12.2,.681,0.0,0.0,,8.3,12.2,.681,4.0,5.9,.672,4.4,6.9,11.3,1.1,1.3,3.6,1.7,3.9,20.6
169,Danilo Gallinari\gallida01,PF,32,ATL,51,4,1222,6.1,14.0,.434,3.0,7.5,.406,3.0,6.5,.466,4.7,5.1,.925,0.5,5.7,6.2,2.2,0.9,0.3,1.3,3.1,19.9
170,Langston Galloway\gallola01,SG,29,PHO,40,0,438,5.4,12.1,.449,3.0,7.0,.424,2.5,5.1,.484,1.8,1.9,.957,0.6,2.9,3.5,2.1,0.7,0.0,1.1,2.1,15.6
171,Darius Garland\garlada01,PG,21,CLE,54,50,1790,7.3,16.1,.451,2.1,5.3,.395,5.2,10.8,.479,2.3,2.7,.848,0.5,2.1,2.6,6.6,1.3,0.1,3.3,2.2,18.9
172,Marc Gasol\gasolma01,C,36,LAL,52,42,993,3.2,7.0,.454,1.8,4.4,.410,1.4,2.6,.528,1.3,1.8,.720,1.4,6.4,7.8,4.0,0.9,2.1,1.9,4.2,9.5
173,Rudy Gay\gayru01,PF,34,SAS,63,1,1358,7.0,16.6,.420,2.8,7.4,.381,4.2,9.3,.451,2.2,2.7,.804,1.1,6.9,8.0,2.3,1.2,1.1,1.7,3.0,19.0
174,Paul George\georgpa01,SF,30,LAC,54,54,1821,8.8,18.8,.467,3.4,8.2,.411,5.4,10.6,.510,3.9,4.5,.868,0.9,6.2,7.1,5.5,1.2,0.5,3.5,2.6,24.9
175,Taj Gibson\gibsota01,C,35,NYK,45,3,936,3.8,6.1,.627,0.1,0.6,.200,3.7,5.5,.671,1.5,2.1,.727,3.8,5.8,9.6,1.4,1.2,1.9,0.8,3.8,9.3
176,Harry Giles\gilesha01,C,22,POR,38,0,348,4.3,10.0,.433,0.8,2.4,.348,3.5,7.7,.459,1.7,2.8,.593,3.2,10.6,13.8,3.0,0.8,1.3,2.1,5.6,11.2
177,Shai Gilgeous-Alexander\gilgesh01,SG,22,OKC,35,35,1180,8.8,17.2,.508,2.2,5.2,.418,6.6,12.1,.547,5.6,7.0,.808,0.6,4.5,5.1,6.3,0.8,0.7,3.2,2.1,25.3
178,Anthony Gill\gillan01,PF,28,WAS,26,4,218,5.0,9.9,.500,1.2,4.0,.292,3.8,5.9,.639,2.1,2.6,.813,2.6,5.8,8.4,1.8,1.7,0.7,1.3,4.5,13.2
179,Freddie Gillespie\gillefr01,PF,23,TOR,20,2,392,4.0,7.7,.524,0.0,0.0,,4.0,7.7,.524,2.1,3.0,.697,3.9,5.1,8.9,0.8,1.2,1.8,1.1,3.9,10.2
180,Rudy Gobert\goberru01,C,28,UTA,71,71,2187,6.4,9.5,.675,0.0,0.1,.000,6.4,9.5,.680,3.8,6.2,.623,4.0,11.9,15.8,1.5,0.7,3.1,1.9,2.7,16.7
181,Brandon Goodwin\goodwbr01,PG,25,ATL,47,5,620,4.9,12.9,.377,1.9,6.0,.311,3.0,7.0,.433,1.6,2.5,.651,0.5,3.5,4.0,5.5,1.0,0.0,2.1,2.4,13.2
182,Aaron Gordon\gordoaa01,PF,25,TOT,50,50,1384,6.0,13.0,.463,1.5,4.6,.335,4.5,8.4,.533,2.5,3.9,.651,2.0,5.4,7.4,4.2,0.9,0.9,2.5,2.3,16.1
182,Aaron Gordon\gordoaa01,PF,25,ORL,25,25,736,6.3,14.3,.437,2.1,5.5,.375,4.2,8.9,.475,3.2,5.1,.629,1.9,6.2,8.1,5.1,0.8,1.0,3.3,2.4,17.8
182,Aaron Gordon\gordoaa01,PF,25,DEN,25,25,648,5.7,11.4,.500,0.9,3.6,.266,4.8,7.9,.606,1.7,2.4,.705,2.1,4.4,6.6,3.1,0.9,0.8,1.7,2.2,14.1
183,Eric Gordon\gordoer01,SG,32,HOU,27,13,789,7.3,16.7,.433,3.1,9.6,.329,4.1,7.2,.573,4.3,5.2,.825,0.4,2.3,2.6,3.2,0.6,0.6,2.3,2.0,21.9
184,Devonte' Graham\grahade01,PG,25,CHO,55,44,1659,5.5,14.5,.377,3.9,10.4,.375,1.6,4.2,.380,2.9,3.4,.842,0.5,2.7,3.2,6.4,1.0,0.1,1.8,1.7,17.7
185,Jerami Grant\grantje01,SF,26,DET,54,54,1829,7.9,18.3,.429,2.3,6.5,.350,5.6,11.9,.473,5.7,6.8,.845,0.7,4.2,4.9,3.0,0.7,1.1,2.1,2.5,23.7
186,Danny Green\greenda02,SF,33,PHI,69,69,1934,4.2,10.1,.412,3.3,8.0,.405,0.9,2.1,.438,0.6,0.7,.775,1.0,3.8,4.8,2.2,1.7,1.0,1.2,2.3,12.2
187,Draymond Green\greendr01,PF,30,GSW,63,63,1982,3.1,6.9,.447,0.6,2.3,.270,2.5,4.6,.535,1.3,1.6,.795,1.0,7.2,8.2,10.1,1.9,0.9,3.4,3.5,8.1
188,JaMychal Green\greenja01,PF,30,DEN,58,5,1120,5.6,12.0,.463,2.5,6.4,.399,3.0,5.7,.534,1.5,1.8,.807,2.7,6.2,8.9,1.7,0.8,0.7,1.7,4.6,15.1
189,Javonte Green\greenja02,SF-SG,27,TOT,41,2,473,4.0,7.8,.520,0.8,2.3,.333,3.3,5.5,.597,2.3,3.0,.750,2.0,3.4,5.4,1.3,2.1,0.5,1.4,3.4,11.1
189,Javonte Green\greenja02,SF,27,BOS,25,2,345,4.1,7.4,.549,0.7,2.3,.318,3.3,5.1,.653,2.1,3.1,.667,2.1,3.3,5.4,1.1,1.9,0.2,1.4,3.3,11.0
189,Javonte Green\greenja02,SG,27,CHI,16,0,128,3.9,8.7,.452,0.8,2.3,.375,3.1,6.5,.478,2.8,2.8,1.000,1.7,3.7,5.3,1.7,2.8,1.1,1.7,3.7,11.5
190,Jeff Green\greenje02,C,34,BRK,68,38,1835,5.1,10.4,.492,2.0,4.9,.412,3.1,5.5,.564,2.5,3.2,.776,0.7,4.5,5.2,2.1,0.7,0.5,1.1,2.4,14.7
191,Josh Green\greenjo02,SG,20,DAL,39,5,445,3.4,7.5,.452,0.3,2.0,.160,3.1,5.5,.559,1.1,1.9,.565,2.3,4.0,6.3,2.3,1.3,0.2,1.4,2.8,8.2
192,Blake Griffin\griffbl01,PF,31,TOT,46,30,1186,5.3,12.5,.423,2.1,6.2,.341,3.2,6.3,.505,2.6,3.6,.744,1.1,5.8,6.8,4.2,1.0,0.5,1.9,3.4,15.3
192,Blake Griffin\griffbl01,PF,31,DET,20,20,626,4.7,12.8,.365,2.2,7.1,.315,2.4,5.6,.429,2.5,3.6,.710,0.4,5.6,6.0,4.4,0.8,0.1,1.8,2.4,14.1
192,Blake Griffin\griffbl01,PF,31,BRK,26,10,560,6.0,12.2,.492,2.0,5.2,.383,4.0,6.9,.574,2.8,3.5,.782,1.8,6.0,7.8,4.1,1.2,0.8,1.9,4.4,16.7
193,Kyle Guy\guyky01,PG,23,SAC,31,0,235,4.4,13.5,.330,2.0,7.0,.283,2.5,6.4,.381,2.5,3.1,.800,0.8,4.6,5.4,4.9,0.9,0.0,1.7,3.1,13.3
194,Rui Hachimura\hachiru01,PF,22,WAS,57,57,1797,6.2,13.0,.478,0.9,2.7,.328,5.3,10.2,.519,2.5,3.2,.770,1.0,5.3,6.3,1.6,0.9,0.1,1.4,2.4,15.8
195,Ashton Hagans\haganas01,PG,21,MIN,2,0,4,0.0,0.0,,0.0,0.0,,0.0,0.0,,0.0,0.0,,0.0,0.0,0.0,0.0,0.0,0.0,9.0,0.0,0.0
196,Tyrese Haliburton\halibty01,PG,20,SAC,58,20,1746,6.0,12.8,.472,2.5,6.1,.409,3.5,6.7,.529,1.0,1.2,.857,0.8,2.8,3.6,6.4,1.6,0.6,1.9,1.7,15.5
197,Donta Hall\halldo01,PF,23,ORL,13,0,179,5.0,7.0,.714,0.0,0.0,,5.0,7.0,.714,4.6,6.8,.676,4.8,7.6,12.5,2.2,1.0,2.0,1.6,3.6,14.7
198,Josh Hall\halljo01,SF,20,OKC,21,1,336,3.2,10.6,.303,0.4,4.0,.108,2.8,6.6,.419,2.4,4.7,.500,0.6,5.7,6.3,3.0,0.4,0.1,2.7,4.0,9.2
199,R.J. Hampton\hamptrj01,SG-PG,19,TOT,51,1,888,5.5,12.7,.435,1.1,3.5,.310,4.4,9.2,.482,2.2,3.3,.671,1.2,6.1,7.3,3.5,0.9,0.4,2.1,2.5,14.4
199,R.J. Hampton\hamptrj01,PG,19,DEN,25,0,233,3.9,9.3,.417,0.8,2.8,.278,3.1,6.5,.476,1.4,1.9,.750,1.5,6.2,7.7,2.2,0.8,0.3,1.7,3.4,9.9
199,R.J. Hampton\hamptrj01,SG,19,ORL,26,1,655,6.1,13.9,.439,1.2,3.8,.319,4.9,10.1,.484,2.5,3.8,.657,1.0,6.0,7.1,4.0,0.9,0.4,2.3,2.1,15.9
200,Tim Hardaway Jr.\hardati02,SG,28,DAL,70,31,1985,7.4,16.5,.447,3.8,9.6,.391,3.6,6.9,.524,2.6,3.2,.816,0.4,3.8,4.2,2.3,0.6,0.2,1.2,2.0,21.1
201,James Harden\hardeja01,PG-SG,31,TOT,44,43,1609,7.7,16.4,.466,2.7,7.5,.362,4.9,8.9,.553,6.2,7.2,.861,0.8,7.0,7.8,10.6,1.2,0.7,4.0,2.2,24.2
201,James Harden\hardeja01,SG,31,HOU,8,8,290,7.4,16.8,.444,3.1,8.9,.347,4.3,7.8,.556,6.6,7.4,.883,0.6,4.5,5.1,10.3,0.9,0.7,4.2,1.7,24.6
201,James Harden\hardeja01,PG,31,BRK,36,35,1319,7.7,16.3,.471,2.6,7.2,.366,5.1,9.2,.552,6.1,7.2,.856,0.8,7.6,8.4,10.7,1.3,0.7,3.9,2.3,24.2
202,Maurice Harkless\harklma01,PF-SF,27,TOT,37,23,772,3.2,7.7,.418,1.1,3.9,.274,2.1,3.8,.568,1.5,2.0,.767,0.6,3.5,4.2,2.1,1.4,0.9,1.0,4.0,9.0
202,Maurice Harkless\harklma01,SF,27,MIA,11,3,124,1.5,3.8,.385,1.5,3.2,.455,0.0,0.6,.000,0.0,0.6,.000,0.6,3.2,3.8,2.0,0.6,1.2,0.9,4.1,4.4
202,Maurice Harkless\harklma01,PF,27,SAC,26,20,648,3.6,8.4,.421,1.0,4.1,.247,2.6,4.4,.582,1.8,2.3,.805,0.6,3.6,4.2,2.1,1.6,0.9,1.1,4.0,9.9
203,Jared Harper\harpeja01,PG,23,NYK,8,0,16,0.0,9.0,.000,0.0,2.3,.000,0.0,6.8,.000,6.8,9.0,.750,0.0,4.5,4.5,2.3,0.0,0.0,6.8,2.3,6.8
204,Montrezl Harrell\harremo01,C,27,LAL,69,1,1580,8.5,13.7,.622,0.0,0.2,.000,8.5,13.5,.632,4.1,5.8,.707,3.6,6.2,9.8,1.7,1.0,1.1,1.7,2.9,21.2
205,Gary Harris\harriga01,SG,26,TOT,39,38,1080,4.6,11.5,.400,1.6,4.7,.340,3.0,6.8,.441,2.1,2.6,.821,0.7,1.9,2.6,2.6,0.9,0.4,1.2,2.4,12.9
205,Gary Harris\harriga01,SG,26,DEN,19,19,581,4.3,9.7,.442,1.5,4.6,.320,2.8,5.0,.556,1.4,1.9,.733,0.8,2.1,2.9,2.0,1.1,0.2,0.9,2.3,11.4
205,Gary Harris\harriga01,SG,26,ORL,20,19,499,5.0,13.6,.365,1.7,4.8,.364,3.2,8.9,.366,3.0,3.5,.875,0.6,1.7,2.3,3.3,0.8,0.5,1.7,2.5,14.7
206,Jalen Harris\harrija01,SG,22,TOR,13,2,172,7.5,15.1,.500,3.6,7.5,.472,4.0,7.5,.528,1.5,1.9,.778,0.6,3.1,3.8,3.6,1.7,0.0,2.9,3.1,20.1
207,Joe Harris\harrijo01,SF,29,BRK,69,65,2141,6.0,11.9,.505,3.5,7.5,.475,2.5,4.4,.555,0.8,1.1,.778,0.7,3.4,4.2,2.2,0.8,0.2,1.0,2.4,16.4
208,Tobias Harris\harrito02,PF,28,PHI,62,62,2014,8.5,16.5,.512,1.5,3.7,.394,7.0,12.8,.546,3.3,3.6,.892,1.1,6.4,7.5,3.9,1.0,0.9,1.9,2.1,21.6
209,Shaquille Harrison\harrish01,SG,27,TOT,34,0,333,2.8,8.4,.333,0.3,1.7,.188,2.5,6.7,.371,1.9,2.4,.818,0.8,4.4,5.2,2.7,1.8,0.5,1.2,3.6,7.9
209,Shaquille Harrison\harrish01,SG,27,UTA,17,0,56,3.9,12.9,.300,0.0,1.3,.000,3.9,11.6,.333,3.2,3.9,.833,1.9,3.9,5.8,5.8,1.3,0.0,3.2,1.9,10.9
209,Shaquille Harrison\harrish01,SG,27,DEN,17,0,277,2.6,7.5,.345,0.4,1.8,.214,2.2,5.7,.386,1.7,2.1,.813,0.5,4.5,5.1,2.1,1.9,0.6,0.8,3.9,7.3
210,Josh Hart\hartjo01,SF,25,NOP,47,4,1349,4.0,9.2,.439,1.7,5.2,.326,2.3,4.0,.583,1.8,2.4,.775,1.4,8.6,10.1,2.9,1.0,0.3,1.3,3.0,11.6
211,Isaiah Hartenstein\harteis01,C,22,TOT,46,2,559,6.1,11.0,.550,0.1,0.4,.333,5.9,10.6,.558,3.0,4.6,.648,4.2,7.5,11.7,3.5,1.2,2.5,2.8,6.7,15.2
211,Isaiah Hartenstein\harteis01,C,22,DEN,30,0,272,5.4,10.6,.513,0.0,0.0,,5.4,10.6,.513,2.9,4.8,.611,5.3,6.0,11.3,2.0,1.5,2.6,2.8,7.8,13.8
211,Isaiah Hartenstein\harteis01,C,22,CLE,16,2,287,6.6,11.4,.582,0.3,0.8,.333,6.4,10.7,.600,3.0,4.4,.686,3.1,8.9,12.0,5.0,1.0,2.4,2.9,5.6,16.6
212,Udonis Haslem\hasleud01,C,40,MIA,1,0,3,24.0,24.0,1.000,0.0,0.0,,24.0,24.0,1.000,0.0,0.0,,0.0,12.0,12.0,0.0,0.0,0.0,0.0,0.0,48.0
213,Jaxson Hayes\hayesja02,C,20,NOP,60,3,964,6.5,10.5,.625,0.2,0.5,.429,6.3,9.9,.635,3.5,4.5,.775,3.4,6.2,9.6,1.3,0.9,1.4,1.5,3.8,16.8
214,Killian Hayes\hayeski01,PG,19,DET,26,18,670,3.8,10.8,.353,1.1,3.9,.278,2.7,6.9,.395,0.8,0.9,.824,0.3,3.4,3.7,7.4,1.5,0.5,4.5,3.1,9.5
215,Gordon Hayward\haywago01,SF,30,CHO,44,44,1496,7.5,15.8,.473,2.0,4.9,.415,5.4,10.9,.499,3.8,4.5,.843,0.9,5.3,6.2,4.4,1.3,0.3,2.2,1.8,20.8
216,Juancho Hernangómez\hernaju01,PF,25,MIN,52,6,900,5.2,12.0,.435,2.2,6.7,.327,3.0,5.2,.573,2.4,3.9,.619,1.8,6.4,8.2,1.4,0.8,0.3,1.1,2.1,15.0
217,Willy Hernangómez\hernawi01,C,26,NOP,47,12,846,6.4,11.4,.563,0.0,0.4,.100,6.4,11.0,.581,2.6,4.0,.667,5.0,9.2,14.2,2.1,0.9,1.0,1.4,2.9,15.5
218,Tyler Herro\herroty01,SG,21,MIA,54,15,1635,6.8,15.4,.439,2.4,6.5,.360,4.4,8.9,.498,2.1,2.6,.803,0.6,5.4,5.9,4.1,0.8,0.4,2.2,1.6,17.9
219,Buddy Hield\hieldbu01,SG,28,SAC,71,71,2433,6.0,14.7,.406,4.2,10.7,.391,1.8,4.0,.446,1.3,1.5,.846,0.4,4.5,4.9,3.8,0.9,0.4,1.9,2.6,17.4
220,George Hill\hillge01,PG,34,TOT,30,17,672,5.1,10.6,.482,1.7,4.3,.388,3.4,6.3,.547,2.1,2.7,.800,0.9,2.4,3.3,3.9,1.2,0.3,1.7,1.7,14.0
220,George Hill\hillge01,PG,34,OKC,14,14,369,6.0,11.7,.508,2.1,5.6,.386,3.8,6.1,.619,2.0,2.4,.840,0.8,2.0,2.8,4.2,1.2,0.2,1.2,1.2,16.1
220,George Hill\hillge01,PG,34,PHI,16,3,303,4.0,9.1,.442,1.1,2.7,.391,3.0,6.4,.463,2.3,3.0,.760,1.0,2.9,3.8,3.6,1.3,0.4,2.3,2.3,11.4
221,Solomon Hill\hillso01,PF,29,ATL,71,16,1513,2.5,7.1,.359,1.6,5.0,.321,0.9,2.0,.453,0.8,1.1,.761,1.0,4.1,5.1,1.8,1.2,0.3,1.0,2.8,7.5
222,Nate Hinton\hintona01,SG,21,DAL,21,0,93,5.8,16.3,.357,1.5,7.4,.211,4.3,8.9,.478,2.7,3.9,.700,0.4,3.1,3.5,3.1,2.7,0.8,1.9,3.1,15.9
223,Jaylen Hoard\hoardja01,SF,21,OKC,19,0,320,5.0,9.9,.500,0.0,1.2,.000,5.0,8.7,.571,3.2,4.6,.683,2.4,5.0,7.3,2.7,1.5,0.6,1.9,2.1,13.1
224,Aaron Holiday\holidaa01,PG,24,IND,66,8,1176,5.2,13.3,.390,2.1,5.6,.368,3.2,7.8,.406,2.1,2.5,.819,0.5,2.3,2.7,3.8,1.4,0.4,2.0,2.9,14.5
225,Jrue Holiday\holidjr01,PG,30,MIL,59,56,1907,7.8,15.5,.503,2.1,5.3,.392,5.7,10.2,.561,2.0,2.6,.787,1.4,3.7,5.1,6.7,1.8,0.7,2.4,1.9,19.7
226,Justin Holiday\holidju01,SG,31,IND,72,52,2183,4.3,10.3,.413,2.9,7.5,.382,1.4,2.8,.494,1.1,1.4,.788,0.5,3.7,4.2,2.0,1.2,0.7,0.9,2.2,12.5
227,Rondae Hollis-Jefferson\holliro01,PF,26,POR,11,1,107,3.0,6.1,.500,0.0,0.3,.000,3.0,5.7,.529,3.0,5.4,.563,3.7,5.0,8.7,4.4,0.7,1.3,0.7,5.0,9.1
228,Richaun Holmes\holmeri01,C,27,SAC,61,61,1782,7.4,11.6,.637,0.0,0.2,.182,7.4,11.4,.645,2.7,3.4,.794,2.9,7.3,10.2,2.0,0.8,1.9,1.5,4.3,17.6
229,Rodney Hood\hoodro01,SF,28,TOT,55,5,942,3.6,9.9,.362,1.3,4.3,.301,2.3,5.6,.408,0.9,1.1,.857,0.9,3.1,3.9,2.0,0.9,0.3,1.4,2.8,9.4
229,Rodney Hood\hoodro01,SF,28,POR,38,5,726,3.6,10.0,.363,1.2,4.2,.298,2.4,5.8,.410,0.4,0.6,.750,0.9,2.7,3.6,2.3,1.0,0.2,1.5,2.9,8.9
229,Rodney Hood\hoodro01,SF,28,TOR,17,0,216,3.5,9.8,.356,1.5,4.8,.310,2.0,5.0,.400,2.5,2.7,.938,0.8,4.2,5.0,1.0,0.7,0.5,0.8,2.5,11.0
230,Al Horford\horfoal01,C,34,OKC,28,28,782,7.5,16.6,.450,2.6,7.0,.368,4.9,9.6,.510,0.8,1.0,.818,1.3,7.3,8.7,4.3,1.2,1.2,1.3,2.2,18.3
231,Talen Horton-Tucker\hortota01,SG,20,LAL,65,4,1304,6.2,13.5,.458,1.0,3.6,.282,5.2,9.9,.522,2.8,3.6,.775,0.7,4.0,4.7,5.0,1.7,0.6,2.9,3.5,16.2
232,Danuel House Jr.\houseda01,SF,27,HOU,36,23,932,4.2,10.5,.404,2.1,6.0,.346,2.2,4.5,.483,1.6,2.4,.651,0.7,4.4,5.1,2.7,0.8,0.6,1.4,2.6,12.2
233,Dwight Howard\howardw01,C,35,PHI,69,6,1196,5.4,9.1,.587,0.2,0.6,.250,5.2,8.5,.611,3.6,6.3,.576,5.7,11.7,17.5,1.8,0.9,1.9,3.4,6.0,14.5
234,Markus Howard\howarma02,SG,21,DEN,37,1,205,7.0,18.6,.377,3.2,11.4,.277,3.9,7.2,.537,1.2,1.6,.778,0.2,3.5,3.7,3.2,0.7,0.2,3.2,4.0,18.4
235,Kevin Huerter\huertke01,SG,22,ATL,69,49,2126,5.4,12.4,.432,2.4,6.5,.363,3.0,5.8,.510,0.8,1.1,.781,0.6,3.3,3.9,4.1,1.4,0.3,1.3,2.8,13.9
236,Elijah Hughes\hugheel01,SF,22,UTA,18,0,64,5.6,16.9,.333,4.5,12.9,.348,1.1,3.9,.286,1.7,2.3,.750,0.6,4.5,5.1,3.4,0.6,0.6,3.4,0.6,17.4
237,De'Andre Hunter\huntede01,SF,23,ATL,23,19,678,6.4,13.2,.484,1.6,5.0,.326,4.7,8.1,.582,3.9,4.5,.859,0.9,4.9,5.8,2.3,1.0,0.6,1.5,3.1,18.3
238,Chandler Hutchison\hutchch01,SF,24,TOT,25,1,346,4.1,10.7,.379,0.8,2.3,.364,3.2,8.4,.383,2.2,2.6,.840,0.6,7.5,8.1,1.8,1.2,0.5,2.1,3.4,11.1
238,Chandler Hutchison\hutchch01,SF,24,CHI,7,0,64,2.8,10.1,.278,0.6,1.7,.333,2.3,8.4,.267,1.1,1.1,1.000,0.6,10.7,11.3,2.3,0.6,0.0,2.8,5.1,7.3
238,Chandler Hutchison\hutchch01,SF,24,WAS,18,1,282,4.3,10.9,.400,0.9,2.4,.368,3.4,8.4,.409,2.4,2.9,.826,0.6,6.8,7.4,1.7,1.4,0.6,1.9,3.1,12.0
239,Serge Ibaka\ibakase01,C,31,LAC,41,39,955,7.0,13.8,.510,1.5,4.3,.339,5.5,9.4,.588,1.6,2.0,.811,2.8,7.6,10.4,2.8,0.3,1.8,1.7,2.9,17.1
240,Andre Iguodala\iguodan01,SF,37,MIA,63,5,1339,2.6,6.7,.383,1.6,4.9,.330,0.9,1.8,.530,0.7,1.0,.658,1.0,4.9,5.9,3.8,1.5,0.9,1.8,2.4,7.4
241,Ersan İlyasova\ilyaser01,PF,33,UTA,17,1,148,5.1,13.1,.389,4.4,10.0,.439,0.7,3.2,.231,1.2,1.2,1.000,1.7,5.4,7.1,1.0,2.4,0.7,1.9,7.1,15.8
242,Joe Ingles\inglejo01,SF,33,UTA,67,30,1867,5.3,10.8,.489,3.5,7.8,.451,1.8,3.0,.590,1.5,1.7,.844,0.5,4.2,4.7,6.1,0.9,0.2,2.3,2.3,15.6
243,Brandon Ingram\ingrabr01,SF,23,NOP,61,61,2093,8.8,18.9,.466,2.5,6.5,.381,6.4,12.5,.510,4.8,5.5,.878,0.6,4.6,5.1,5.1,0.7,0.6,2.6,2.1,24.9
244,Kyrie Irving\irvinky01,PG,28,BRK,54,54,1886,10.5,20.7,.506,2.9,7.2,.402,7.6,13.5,.561,3.8,4.2,.922,1.0,3.9,4.9,6.2,1.5,0.7,2.5,2.7,27.7
245,Wes Iwundu\iwundwe01,SF,26,TOT,41,4,539,2.3,6.8,.333,0.3,2.7,.122,1.9,4.1,.475,1.7,2.1,.839,1.0,5.0,6.0,1.2,1.0,0.3,1.3,3.3,6.6
245,Wes Iwundu\iwundwe01,SF,26,DAL,23,3,288,2.1,6.5,.327,0.4,2.9,.130,1.7,3.6,.483,1.5,1.7,.857,0.7,4.7,5.5,1.2,1.1,0.4,0.7,3.2,6.1
245,Wes Iwundu\iwundwe01,SF,26,NOP,18,1,251,2.4,7.2,.340,0.3,2.6,.111,2.2,4.6,.469,2.0,2.4,.824,1.3,5.3,6.6,1.1,0.9,0.1,1.9,3.3,7.2
246,Frank Jackson\jacksfr01,PG,22,DET,40,6,738,6.5,14.3,.457,3.0,7.3,.407,3.6,7.0,.510,3.0,3.7,.813,0.7,3.5,4.2,1.8,0.7,0.0,1.7,2.6,19.0
247,Jaren Jackson Jr.\jacksja02,C,21,MEM,11,4,258,7.4,17.4,.424,2.4,8.4,.283,5.0,9.1,.554,4.9,5.9,.833,2.4,6.3,8.7,1.7,1.7,2.5,2.1,5.9,22.0
248,Josh Jackson\jacksjo02,SG,23,DET,62,25,1560,6.8,16.3,.419,1.8,5.9,.300,5.1,10.4,.487,3.7,5.0,.729,1.3,4.5,5.9,3.3,1.2,1.1,3.3,4.1,19.1
249,Justin Jackson\jacksju01,SF,25,TOT,34,3,577,5.6,13.8,.403,2.2,7.3,.308,3.3,6.5,.510,1.9,2.3,.838,1.0,3.8,4.8,3.2,0.9,0.1,2.0,2.0,15.3
249,Justin Jackson\jacksju01,SF,25,OKC,33,3,544,5.7,14.0,.406,2.3,7.3,.306,3.4,6.7,.515,2.0,2.3,.857,0.9,3.8,4.7,3.4,1.0,0.1,2.1,2.1,15.6
249,Justin Jackson\jacksju01,SF,25,MIL,1,0,33,3.3,9.8,.333,2.2,6.5,.333,1.1,3.3,.333,1.1,2.2,.500,2.2,4.4,6.5,1.1,0.0,0.0,1.1,1.1,9.8
250,Reggie Jackson\jacksre01,SG,30,LAC,67,43,1544,6.1,13.6,.450,2.8,6.6,.433,3.3,7.1,.465,1.6,1.9,.817,0.6,3.9,4.5,4.8,1.0,0.2,1.7,3.0,16.7
251,Justin James\jamesju01,SF,24,SAC,36,0,310,6.0,12.9,.468,1.6,4.4,.368,4.4,8.5,.521,2.4,4.2,.583,1.0,2.4,3.5,2.6,0.9,0.3,1.7,2.7,16.1
252,LeBron James\jamesle01,PG,36,LAL,45,45,1504,10.1,19.7,.513,2.5,6.8,.365,7.6,12.9,.591,4.3,6.1,.698,0.7,7.6,8.3,8.4,1.1,0.6,4.0,1.7,27.0
253,Mike James\jamesmi02,PG,30,BRK,13,1,236,5.2,14.0,.370,1.7,4.7,.355,3.5,9.3,.377,3.2,4.1,.778,0.5,4.4,4.9,8.2,0.9,0.2,3.1,1.5,15.3
254,DaQuan Jeffries\jeffrda01,SG,23,TOT,31,5,493,3.7,8.8,.417,1.5,4.9,.299,2.2,3.9,.566,0.5,0.6,.875,1.4,3.8,5.2,1.6,1.1,0.7,1.0,3.5,9.3
254,DaQuan Jeffries\jeffrda01,SG,23,SAC,18,2,232,3.7,8.8,.421,1.4,4.3,.321,2.3,4.5,.517,0.9,1.1,.857,1.4,3.1,4.5,0.9,1.1,0.6,1.2,3.6,9.8
254,DaQuan Jeffries\jeffrda01,SG,23,HOU,13,3,261,3.6,8.7,.413,1.5,5.4,.282,2.1,3.3,.625,0.1,0.1,1.000,1.4,4.4,5.8,2.2,1.1,0.8,0.8,3.4,8.8
255,Ty Jerome\jeromty01,SG,23,OKC,33,1,788,5.8,13.1,.446,3.2,7.7,.423,2.6,5.4,.479,1.2,1.6,.765,0.5,3.7,4.2,5.5,0.9,0.3,2.1,2.8,16.1
256,Isaiah Joe\joeis01,SG,21,PHI,41,1,383,4.5,12.5,.361,3.7,10.0,.368,0.8,2.5,.333,1.7,2.3,.750,0.6,2.8,3.4,1.9,1.1,0.4,1.0,3.2,14.4
257,Alize Johnson\johnsal02,PF,24,BRK,18,0,189,7.6,13.0,.588,0.2,1.1,.167,7.4,11.8,.629,2.5,2.5,1.000,5.1,12.0,17.1,2.7,1.0,1.0,1.7,3.0,17.9
258,Cameron Johnson\johnsca02,PF,24,PHO,60,11,1437,5.1,12.1,.420,2.9,8.4,.349,2.2,3.7,.581,1.3,1.5,.847,0.8,4.2,5.0,2.2,0.9,0.4,1.0,2.1,14.4
259,James Johnson\johnsja01,PF,33,TOT,51,12,1043,5.0,11.3,.446,1.1,4.1,.258,4.0,7.1,.556,1.6,2.6,.592,1.1,5.0,6.1,3.4,1.4,1.4,1.9,4.1,12.7
259,James Johnson\johnsja01,PF,33,DAL,29,1,504,4.8,10.4,.462,1.1,4.3,.250,3.7,6.1,.612,1.2,2.1,.586,1.0,5.1,6.1,3.6,1.7,1.6,1.9,4.2,11.9
259,James Johnson\johnsja01,PF,33,NOP,22,11,539,5.3,12.2,.434,1.1,4.0,.267,4.2,8.1,.516,1.9,3.1,.596,1.2,4.9,6.1,3.2,1.2,1.3,1.9,4.1,13.5
260,Keldon Johnson\johnske04,SF,21,SAS,69,67,1968,6.2,12.9,.479,1.1,3.3,.331,5.1,9.6,.531,2.7,3.6,.740,1.7,5.8,7.5,2.2,0.7,0.4,1.4,2.6,16.1
261,Stanley Johnson\johnsst04,PF,24,TOR,61,13,1006,3.2,8.3,.382,1.6,4.9,.328,1.6,3.4,.458,1.6,2.0,.800,1.0,4.4,5.5,3.2,1.9,0.6,1.9,4.2,9.6
262,Tyler Johnson\johnsty01,SG,28,BRK,39,3,684,3.8,9.6,.393,2.5,6.9,.364,1.3,2.7,.471,0.9,1.1,.857,0.3,3.7,4.1,2.5,0.7,0.0,0.9,2.3,11.1
263,Nikola Jokić\jokicni01,C,25,DEN,72,72,2488,10.6,18.7,.566,1.3,3.4,.388,9.3,15.3,.606,4.9,5.7,.868,3.0,8.3,11.3,8.7,1.4,0.7,3.2,2.8,27.5
264,Damian Jones\jonesda03,C,25,TOT,39,10,547,4.6,6.8,.680,0.1,0.3,.200,4.5,6.4,.704,2.8,3.8,.724,2.4,5.6,8.0,1.9,0.7,1.9,1.7,5.1,12.0
264,Damian Jones\jonesda03,C,25,PHO,14,0,94,3.1,6.1,.500,0.0,0.4,.000,3.1,5.7,.533,2.3,4.2,.545,2.7,4.2,6.9,1.5,0.4,1.9,2.3,7.3,8.4
264,Damian Jones\jonesda03,C,25,LAL,8,6,112,5.1,5.5,.941,0.0,0.0,,5.1,5.5,.941,3.5,3.9,.917,2.6,5.8,8.4,0.3,0.3,2.3,1.6,7.1,13.8
264,Damian Jones\jonesda03,C,25,SAC,17,4,341,4.9,7.4,.657,0.1,0.4,.250,4.8,7.0,.682,2.6,3.7,.714,2.2,5.9,8.1,2.5,1.0,1.8,1.6,3.8,12.5
265,Derrick Jones Jr.\jonesde02,SF,23,POR,58,43,1318,4.0,8.3,.484,1.2,3.7,.316,2.8,4.6,.619,1.6,2.5,.648,2.1,3.5,5.6,1.3,1.0,1.5,0.9,3.5,10.8
266,Mason Jones\jonesma05,SG,22,TOT,32,1,334,5.6,13.3,.423,2.6,7.1,.364,3.0,6.1,.491,4.3,6.9,.625,0.8,5.2,5.9,4.5,0.8,0.1,3.1,2.6,18.1
266,Mason Jones\jonesma05,SG,22,HOU,26,1,307,5.5,13.4,.412,2.7,7.5,.359,2.8,5.9,.480,4.1,6.7,.614,0.5,5.5,6.0,4.6,0.7,0.1,3.3,2.6,17.8
266,Mason Jones\jonesma05,SG,22,PHI,6,0,27,6.7,12.0,.556,1.3,2.7,.500,5.3,9.3,.571,6.7,9.3,.714,4.0,1.3,5.3,4.0,1.3,0.0,1.3,2.7,21.3
267,Tre Jones\jonestr01,PG,21,SAS,37,1,269,5.0,10.4,.474,0.4,0.7,.600,4.6,9.8,.466,2.3,2.5,.895,1.1,1.7,2.8,5.2,1.1,0.0,1.7,1.7,12.6
268,Tyus Jones\jonesty01,PG,24,MEM,70,9,1222,5.2,12.2,.431,1.3,4.1,.321,3.9,8.0,.487,1.2,1.3,.911,0.6,3.5,4.1,7.6,1.9,0.2,1.4,0.9,13.0
269,DeAndre Jordan\jordade01,C,32,BRK,57,43,1246,5.5,7.2,.763,0.0,0.0,.000,5.5,7.2,.766,1.3,2.7,.500,3.4,9.0,12.3,2.7,0.5,1.9,2.5,3.4,12.3
270,Cory Joseph\josepco01,PG,29,TOT,63,13,1446,5.0,10.6,.469,1.1,3.3,.341,3.9,7.3,.527,1.8,2.2,.818,0.9,3.1,4.0,5.3,1.5,0.4,2.0,3.5,12.9
270,Cory Joseph\josepco01,PG,29,SAC,44,2,944,4.2,9.5,.444,1.2,3.6,.330,3.1,5.9,.513,1.4,1.8,.766,1.0,2.8,3.8,4.1,1.5,0.3,1.7,3.7,11.0
270,Cory Joseph\josepco01,PG,29,DET,19,11,502,6.4,12.6,.506,1.0,2.7,.368,5.4,9.9,.543,2.6,2.9,.878,0.7,3.6,4.3,7.5,1.6,0.6,2.5,2.9,16.4
271,Mfiondu Kabengele\kabenmf01,PF,23,TOT,39,0,280,4.2,11.4,.371,1.7,6.4,.260,2.6,5.0,.513,2.1,2.6,.800,1.5,6.2,7.7,2.2,1.0,1.7,1.9,4.6,12.2
271,Mfiondu Kabengele\kabenmf01,PF,23,LAC,23,0,94,3.4,12.3,.281,1.5,6.9,.222,1.9,5.4,.357,1.9,2.3,.833,0.4,5.0,5.4,1.9,0.8,1.1,2.3,6.9,10.3
271,Mfiondu Kabengele\kabenmf01,PF,23,CLE,16,0,186,4.6,11.0,.421,1.7,6.2,.281,2.9,4.8,.600,2.1,2.7,.786,2.1,6.8,8.9,2.3,1.2,1.9,1.7,3.5,13.2
272,Frank Kaminsky\kaminfr01,C,27,PHO,47,13,715,6.1,12.9,.471,1.6,4.3,.365,4.5,8.7,.523,1.9,3.0,.617,1.8,7.7,9.5,4.0,0.7,0.9,1.1,3.5,15.6
273,Luke Kennard\kennalu01,SG,24,LAC,63,17,1232,5.8,12.1,.476,2.9,6.5,.446,2.8,5.6,.511,0.8,0.9,.839,0.4,4.3,4.7,3.0,0.7,0.3,1.4,2.7,15.2
274,Louis King\kinglo02,SF,21,SAC,6,1,85,7.2,14.4,.500,1.7,4.7,.364,5.5,9.7,.565,2.5,2.5,1.000,2.1,5.5,7.6,3.8,3.0,1.3,1.7,3.8,18.6
275,Maxi Kleber\klebima01,PF,29,DAL,50,40,1341,3.1,7.4,.422,2.3,5.7,.410,0.8,1.7,.460,0.9,1.0,.919,1.3,5.7,7.0,1.8,0.6,0.9,0.8,2.8,9.5
276,Nathan Knight\knighna01,PF,23,ATL,33,0,279,4.8,12.9,.370,0.8,4.3,.182,4.0,8.6,.463,5.7,7.1,.800,3.5,5.8,9.3,1.0,1.2,1.3,1.9,2.8,16.0
277,Kevin Knox\knoxke01,SF,21,NYK,42,0,464,4.3,11.1,.392,2.7,6.9,.393,1.6,4.2,.389,1.2,1.6,.800,0.8,4.0,4.7,1.5,0.9,0.5,1.3,2.9,12.6
278,John Konchar\konchjo01,SG,24,MEM,43,0,575,4.3,8.6,.500,1.3,3.5,.375,3.0,5.1,.585,1.6,1.9,.833,2.2,5.8,8.0,2.9,1.9,0.6,1.1,2.5,11.5
279,Furkan Korkmaz\korkmfu01,SG,23,PHI,55,11,1062,5.8,14.4,.401,3.4,9.1,.375,2.3,5.3,.445,2.0,2.8,.732,0.6,3.3,3.8,2.8,1.7,0.3,1.6,2.2,17.0
280,Luke Kornet\kornelu01,C-PF,25,TOT,31,2,348,4.6,10.4,.436,1.6,6.1,.254,3.0,4.3,.690,0.3,0.6,.500,1.4,5.5,6.9,2.5,0.4,3.3,0.7,2.1,11.0
280,Luke Kornet\kornelu01,PF,25,CHI,13,0,94,3.4,10.3,.333,2.3,8.8,.261,1.1,1.5,.750,0.8,1.5,.500,0.4,5.4,5.7,1.5,0.8,2.7,0.4,0.4,10.0
280,Luke Kornet\kornelu01,C,25,BOS,18,2,254,5.0,10.5,.473,1.3,5.1,.250,3.7,5.4,.684,0.1,0.3,.500,1.8,5.5,7.4,2.8,0.3,3.5,0.9,2.7,11.3
281,Rodions Kurucs\kurucro01,SF-PF,22,TOT,21,0,125,3.2,9.2,.344,1.7,6.0,.286,1.4,3.2,.455,0.9,1.2,.750,1.4,5.2,6.6,2.9,2.6,1.2,3.7,4.6,8.9
281,Rodions Kurucs\kurucro01,PF,22,BRK,5,0,16,2.3,6.8,.333,2.3,4.5,.500,0.0,2.3,.000,0.0,0.0,,0.0,6.8,6.8,4.5,0.0,0.0,0.0,2.3,6.8
281,Rodions Kurucs\kurucro01,SF,22,HOU,11,0,75,2.4,10.1,.238,1.0,7.2,.133,1.4,2.9,.500,0.5,1.0,.500,1.0,4.3,5.3,1.9,2.9,1.9,4.3,3.4,6.2
281,Rodions Kurucs\kurucro01,SF,22,MIL,5,0,34,5.3,8.5,.625,3.2,4.2,.750,2.1,4.2,.500,2.1,2.1,1.000,3.2,6.4,9.5,4.2,3.2,0.0,4.2,8.5,15.9
282,Kyle Kuzma\kuzmaky01,SF,25,LAL,68,32,1954,6.2,13.9,.443,2.5,7.0,.361,3.6,6.9,.525,1.2,1.8,.691,2.0,5.7,7.7,2.3,0.6,0.8,2.1,2.2,16.1
283,Anthony Lamb\lamban01,SF,23,HOU,24,3,415,4.0,10.2,.390,2.0,6.2,.324,2.0,4.1,.489,1.6,1.8,.857,2.3,3.7,6.1,2.0,0.5,0.4,1.6,2.9,11.5
284,Jeremy Lamb\lambje01,SG,28,IND,36,8,765,5.6,13.0,.435,2.4,6.0,.406,3.2,7.0,.459,3.3,3.5,.947,1.2,5.0,6.2,2.5,1.6,1.1,1.0,3.4,17.1
285,Romeo Langford\langfro01,SG,21,BOS,18,4,283,2.7,7.5,.356,0.6,2.3,.278,2.0,5.2,.390,1.1,1.5,.750,1.5,2.9,4.5,1.7,0.8,0.6,1.3,3.1,7.1
286,Zach LaVine\lavinza01,SG,25,CHI,58,58,2034,10.1,19.9,.507,3.5,8.4,.419,6.5,11.4,.571,4.5,5.3,.849,0.6,4.5,5.1,5.0,0.8,0.5,3.6,2.4,28.2
287,Jake Layman\laymaja01,SF,26,MIN,45,11,627,5.2,10.6,.495,1.3,4.5,.295,3.9,6.1,.642,1.5,2.1,.703,0.7,3.1,3.8,1.6,1.7,1.1,1.5,2.5,13.3
288,T.J. Leaf\leaftj01,PF,23,POR,7,0,35,5.1,10.3,.500,0.0,0.0,,5.1,10.3,.500,2.1,2.1,1.000,0.0,5.1,5.1,1.0,2.1,1.0,2.1,1.0,12.3
289,Jalen Lecque\lecquja01,PG,20,IND,4,0,12,3.0,27.0,.111,0.0,3.0,.000,3.0,24.0,.125,9.0,9.0,1.000,6.0,9.0,15.0,6.0,0.0,0.0,0.0,0.0,15.0
290,Damion Lee\leeda03,SG,28,GSW,57,1,1079,4.3,9.1,.467,2.6,6.5,.397,1.7,2.7,.638,1.3,1.5,.909,0.7,5.3,6.0,2.4,1.3,0.3,1.0,3.0,12.4
291,Saben Lee\leesa01,PG,21,DET,48,7,781,4.6,9.7,.471,0.4,1.1,.348,4.2,8.6,.487,2.8,4.1,.685,0.9,3.5,4.5,8.0,1.5,0.6,2.5,3.5,12.3
292,Alex Len\lenal01,C,27,TOT,64,42,979,6.3,10.2,.615,0.3,0.9,.320,6.0,9.3,.644,2.7,4.3,.629,2.9,6.7,9.6,1.8,0.7,2.4,2.0,4.7,15.6
292,Alex Len\lenal01,C,27,TOR,7,2,76,2.4,4.7,.500,1.4,2.8,.500,0.9,1.9,.500,1.4,2.8,.500,0.0,5.2,5.2,1.4,0.5,2.8,3.8,4.7,7.6
292,Alex Len\lenal01,C,27,WAS,57,40,903,6.6,10.7,.619,0.2,0.8,.263,6.4,9.9,.647,2.8,4.4,.636,3.1,6.8,9.9,1.8,0.8,2.3,1.9,4.7,16.2
293,Kawhi Leonard\leonaka01,SF,29,LAC,52,52,1773,9.4,18.4,.512,2.1,5.2,.398,7.4,13.3,.557,5.3,6.0,.885,1.1,5.7,6.8,5.5,1.6,0.4,2.1,1.7,26.2
294,Meyers Leonard\leoname01,C,28,MIA,3,2,29,3.7,8.7,.429,3.7,8.7,.429,0.0,0.0,,1.2,2.5,.500,0.0,8.7,8.7,2.5,0.0,0.0,2.5,6.2,12.4
295,Caris LeVert\leverca01,SG,26,TOT,47,39,1486,8.7,19.7,.441,2.0,6.3,.326,6.7,13.5,.495,3.5,4.4,.811,0.8,4.4,5.2,5.9,1.6,0.7,2.5,2.5,23.0
295,Caris LeVert\leverca01,SG,26,BRK,12,4,334,9.4,21.6,.435,2.4,6.8,.349,7.0,14.8,.474,2.8,3.7,.765,1.1,4.5,5.6,7.8,1.4,0.6,2.8,2.2,23.9
295,Caris LeVert\leverca01,SG,26,IND,35,35,1152,8.5,19.2,.443,1.9,6.1,.318,6.6,13.1,.501,3.7,4.6,.822,0.7,4.3,5.1,5.4,1.7,0.7,2.4,2.7,22.7
296,Kira Lewis Jr.\lewiski01,PG,19,NOP,54,0,904,5.2,13.4,.386,1.6,4.8,.333,3.6,8.6,.415,1.7,2.0,.843,0.5,2.3,2.8,4.9,1.5,0.4,1.4,3.5,13.7
297,Damian Lillard\lillada01,PG,30,POR,67,67,2398,9.0,20.0,.451,4.1,10.6,.391,4.9,9.5,.519,6.7,7.3,.928,0.5,3.8,4.2,7.6,0.9,0.3,3.0,1.5,28.9
298,Nassir Little\littlna01,PF,20,POR,48,2,640,4.4,9.4,.467,1.6,4.5,.350,2.8,4.9,.575,2.0,2.5,.800,1.8,5.4,7.2,1.3,0.3,0.7,1.0,2.9,12.4
299,Kevon Looney\looneke01,C,24,GSW,61,34,1161,3.3,6.1,.548,0.1,0.5,.235,3.2,5.6,.578,1.0,1.5,.646,3.6,6.4,10.0,3.7,0.7,0.7,1.1,4.2,7.8
300,Brook Lopez\lopezbr01,C,32,MIL,70,70,1902,6.1,12.1,.503,1.8,5.3,.338,4.3,6.8,.632,2.3,2.7,.845,2.0,4.6,6.6,0.9,0.8,1.9,1.2,2.8,16.3
301,Robin Lopez\lopezro01,C,32,WAS,71,9,1354,7.2,11.3,.633,0.1,0.5,.278,7.0,10.8,.649,2.6,3.6,.723,3.7,3.5,7.2,1.5,0.4,1.2,2.0,2.9,17.1
302,Didi Louzada\louzama01,SF,21,NOP,3,0,56,1.9,8.4,.231,1.3,5.1,.250,0.6,3.2,.200,0.0,0.0,,0.6,1.3,1.9,1.9,1.3,0.0,1.9,3.2,5.1
303,Kevin Love\loveke01,PF,32,CLE,25,25,622,6.0,14.6,.409,3.3,9.0,.365,2.7,5.6,.479,2.4,3.0,.824,1.0,9.8,10.8,3.6,0.9,0.1,2.2,1.5,17.7
304,Kyle Lowry\lowryky01,PG,34,TOR,46,46,1601,5.8,13.4,.436,2.9,7.4,.396,2.9,6.0,.487,3.1,3.6,.875,0.8,4.8,5.6,7.6,1.0,0.3,2.8,3.2,17.8
305,Timothé Luwawu-Cabarrot\luwawti01,SF,25,BRK,58,7,1050,4.5,12.2,.365,2.6,8.2,.314,1.9,4.0,.470,1.2,1.5,.814,1.0,3.5,4.4,2.4,1.1,0.2,1.5,3.4,12.7
306,Trey Lyles\lylestr01,PF,25,SAS,23,9,358,4.3,9.1,.478,1.4,4.0,.350,2.9,5.0,.580,1.5,2.3,.652,0.9,7.7,8.6,1.4,0.6,0.1,0.6,1.3,11.6
307,Will Magnay\magnawi01,C,22,NOP,1,0,3,0.0,12.0,.000,0.0,12.0,.000,0.0,0.0,,0.0,0.0,,0.0,0.0,0.0,0.0,0.0,0.0,12.0,12.0,0.0
308,Thon Maker\makerth01,C,23,CLE,8,0,76,4.7,8.5,.556,0.0,0.9,.000,4.7,7.6,.625,4.7,5.2,.909,3.8,4.7,8.5,1.9,0.9,1.9,1.4,3.3,14.2
309,Théo Maledon\maledth01,PG,19,OKC,65,49,1778,4.6,12.4,.368,2.1,6.3,.335,2.4,6.1,.402,2.0,2.7,.748,0.5,3.8,4.3,4.6,1.1,0.2,2.9,2.6,13.3
310,Karim Mané\maneka01,PG,20,ORL,10,0,88,1.2,5.3,.231,0.4,0.8,.500,0.8,4.5,.182,1.6,2.0,.800,0.4,5.3,5.7,1.6,0.0,0.8,1.2,4.1,4.5
311,Terance Mann\mannte01,SG,24,LAC,67,10,1263,5.1,10.0,.509,1.1,2.6,.418,4.0,7.4,.541,2.2,2.7,.830,1.6,5.3,6.9,3.0,0.8,0.4,1.1,3.6,13.5
312,Nico Mannion\mannini01,PG,19,GSW,30,1,364,3.9,11.3,.342,2.2,5.9,.367,1.7,5.3,.315,2.3,2.8,.821,0.6,4.0,4.5,6.9,1.6,0.1,3.1,2.9,12.2
313,Boban Marjanović\marjabo01,C,32,DAL,33,3,271,8.2,16.2,.508,0.1,1.1,.125,8.1,15.1,.535,4.1,5.0,.816,6.2,10.8,17.0,1.3,0.3,0.8,1.6,3.9,20.7
314,Lauri Markkanen\markkla01,PF,23,CHI,51,26,1317,6.8,14.2,.480,3.3,8.1,.402,3.6,6.2,.582,2.1,2.5,.826,1.0,6.4,7.3,1.2,0.7,0.4,1.4,2.1,19.0
315,Naji Marshall\marshna01,SF,23,NOP,32,10,700,4.2,10.7,.392,1.5,4.3,.349,2.7,6.5,.421,2.7,3.9,.707,0.8,6.8,7.6,4.5,1.3,0.5,2.0,3.0,12.7
316,Caleb Martin\martica02,SF,25,CHO,53,3,818,4.2,11.3,.375,1.4,5.5,.248,2.9,5.8,.496,1.8,2.8,.641,1.4,4.8,6.2,2.9,1.6,0.5,1.5,2.7,11.6
317,Cody Martin\martico01,SF,25,CHO,52,10,849,3.5,8.0,.441,0.7,2.5,.276,2.8,5.5,.515,1.1,1.8,.581,2.2,4.6,6.8,3.6,1.6,0.5,1.7,2.2,8.8
318,Jeremiah Martin\martije02,PG,24,CLE,9,0,75,4.3,15.8,.273,1.4,5.8,.250,2.9,10.1,.286,0.5,2.4,.200,1.0,2.4,3.4,1.9,2.4,1.0,2.9,0.5,10.6
319,Kelan Martin\martike03,SF,25,IND,35,0,322,6.9,15.4,.449,2.7,6.7,.400,4.2,8.7,.487,1.0,1.1,.900,2.0,6.7,8.7,1.9,1.1,1.1,1.8,3.9,17.6
320,Kenyon Martin Jr.\martike04,SF,20,HOU,45,8,1068,5.5,10.7,.509,1.2,3.2,.365,4.3,7.5,.572,2.0,2.8,.714,2.5,5.7,8.2,1.6,1.0,1.4,1.3,3.0,14.1
321,Frank Mason III\masonfr01,PG,26,ORL,4,1,79,4.1,10.9,.375,0.9,2.3,.400,3.2,8.7,.368,2.3,3.2,.714,1.4,4.1,5.5,5.5,0.0,0.0,2.3,3.2,11.4
322,Garrison Mathews\mathega01,SG,24,WAS,64,24,1038,3.4,8.2,.409,2.6,6.9,.384,0.7,1.4,.538,2.9,3.3,.884,0.6,2.5,3.0,0.9,1.0,0.2,0.3,3.7,12.3
323,Dakota Mathias\mathida01,SG,25,PHI,8,2,123,5.6,14.0,.396,2.3,7.6,.308,3.2,6.4,.500,0.6,1.8,.333,0.3,1.8,2.0,3.8,0.3,0.9,0.3,2.0,14.0
324,Wesley Matthews\matthwe02,SG,34,LAL,58,10,1130,2.8,8.0,.353,2.1,6.3,.335,0.7,1.8,.418,1.1,1.3,.854,0.6,2.3,3.0,1.7,1.2,0.5,0.8,2.5,8.9
325,Tyrese Maxey\maxeyty01,SG,20,PHI,61,8,935,7.6,16.5,.462,1.2,4.0,.301,6.4,12.6,.512,2.3,2.7,.871,0.4,3.6,4.0,4.6,1.0,0.5,1.6,3.0,18.8
326,Skylar Mays\mayssk01,SG,23,ATL,33,0,269,5.9,13.1,.449,1.9,5.4,.350,4.0,7.8,.517,2.9,3.3,.880,1.3,3.3,4.7,4.0,1.9,0.3,1.2,2.0,16.6
327,Patrick McCaw\mccawpa01,SF,25,TOR,5,0,33,1.1,1.1,1.000,0.0,0.0,,1.1,1.1,1.000,3.3,3.3,1.000,1.1,2.2,3.3,4.4,2.2,0.0,0.0,6.5,5.5
328,CJ McCollum\mccolcj01,SG,29,POR,47,47,1600,9.1,19.9,.458,3.8,9.5,.402,5.3,10.4,.509,2.4,3.0,.812,0.7,3.5,4.2,5.0,1.0,0.5,1.5,2.0,24.5
329,T.J. McConnell\mccontj01,PG,28,IND,69,3,1796,5.5,9.8,.559,0.3,1.0,.313,5.2,8.9,.586,0.7,1.0,.688,1.1,4.0,5.1,9.1,2.6,0.5,2.7,2.3,11.9
330,Jaden McDaniels\mcdanja02,PF,20,MIN,63,27,1511,3.9,8.7,.447,1.7,4.7,.364,2.2,4.0,.544,0.6,1.1,.600,1.2,4.3,5.5,1.7,0.8,1.4,1.1,4.1,10.2
331,Jalen McDaniels\mcdanja01,SF,23,CHO,47,18,904,5.3,11.3,.468,1.4,4.2,.333,3.9,7.1,.547,1.8,2.5,.703,1.8,4.9,6.7,2.1,1.1,0.8,1.8,3.8,13.8
332,Doug McDermott\mcderdo01,PF,29,IND,66,29,1619,7.9,14.8,.532,2.5,6.4,.388,5.4,8.4,.641,1.8,2.2,.816,1.3,3.6,4.9,1.9,0.4,0.1,1.2,2.6,20.0
333,Sean McDermott\mcderse01,SF,24,MEM,18,0,158,3.0,7.5,.394,1.1,5.0,.227,1.8,2.5,.727,1.8,1.8,1.000,1.4,3.0,4.3,0.9,0.5,0.7,0.9,1.8,8.9
334,JaVale McGee\mcgeeja01,C,33,TOT,46,2,678,7.6,15.0,.511,0.3,1.3,.208,7.4,13.7,.539,2.3,3.6,.657,4.1,8.6,12.7,2.1,1.0,2.9,3.2,6.4,17.9
334,JaVale McGee\mcgeeja01,C,33,CLE,33,1,503,8.0,15.4,.521,0.4,1.4,.250,7.7,14.0,.549,2.6,3.9,.655,3.9,8.3,12.2,2.4,1.1,2.9,3.2,5.7,19.0
334,JaVale McGee\mcgeeja01,C,33,DEN,13,1,175,6.6,13.8,.478,0.0,0.8,.000,6.6,13.0,.508,1.6,2.5,.667,4.7,9.5,14.2,1.2,0.6,2.9,3.1,8.4,14.8
335,Rodney McGruder\mcgruro01,SG,29,DET,16,2,194,6.9,13.0,.529,2.0,4.5,.458,4.8,8.5,.565,1.1,1.5,.750,1.5,2.6,4.1,3.0,1.5,0.2,1.3,2.2,16.9
336,Alfonzo McKinnie\mckinal01,SF,28,LAL,39,0,258,6.7,13.0,.516,2.2,5.4,.410,4.5,7.5,.593,1.4,2.5,.556,3.1,4.5,7.5,0.8,1.0,0.0,0.7,3.6,17.0
337,Jordan McLaughlin\mclaujo01,PG,24,MIN,51,2,938,3.8,9.3,.413,1.3,3.5,.359,2.6,5.8,.447,0.9,1.2,.767,0.8,3.3,4.1,7.4,2.0,0.2,2.0,1.7,9.8
338,Ben McLemore\mclembe01,SG,27,TOT,53,5,905,5.4,14.5,.370,3.9,11.1,.346,1.5,3.4,.447,1.6,2.1,.736,0.6,3.4,4.0,1.6,0.9,0.4,1.7,3.5,16.2
338,Ben McLemore\mclembe01,SG,27,HOU,32,4,537,5.4,15.0,.357,3.7,11.1,.331,1.7,3.9,.431,1.5,2.1,.719,0.7,3.7,4.4,1.9,1.3,0.2,1.9,3.4,16.0
338,Ben McLemore\mclembe01,SG,27,LAL,21,1,368,5.4,13.8,.390,4.1,11.2,.368,1.3,2.6,.481,1.6,2.1,.762,0.4,2.9,3.3,1.1,0.3,0.6,1.4,3.6,16.4
339,Nicolò Melli\mellini01,PF,30,TOT,45,4,566,2.9,9.0,.326,1.5,5.4,.271,1.5,3.6,.411,1.2,1.6,.760,1.8,5.9,7.8,2.8,0.9,0.2,0.8,3.7,8.5
339,Nicolò Melli\mellini01,PF,30,NOP,22,0,241,2.2,8.8,.254,1.0,5.5,.189,1.2,3.3,.364,0.9,1.0,.857,1.8,6.7,8.5,3.7,1.3,0.1,1.0,4.2,6.4
339,Nicolò Melli\mellini01,PF,30,DAL,23,4,325,3.4,9.1,.378,1.8,5.3,.333,1.7,3.8,.441,1.4,2.0,.722,1.9,5.3,7.2,2.1,0.6,0.2,0.6,3.3,10.1
340,De'Anthony Melton\meltode01,PG,22,MEM,52,1,1045,5.9,13.5,.438,3.0,7.3,.412,2.9,6.3,.467,1.4,1.8,.804,1.0,4.5,5.5,4.5,2.1,1.1,2.3,2.9,16.3
341,Sam Merrill\merrisa01,SG,24,MIL,30,2,233,4.9,11.1,.444,3.2,7.3,.447,1.7,3.9,.440,0.6,0.6,1.000,0.9,3.7,4.6,3.2,1.2,0.2,1.5,2.6,13.8
342,Chimezie Metu\metuch01,C,23,SAC,36,6,488,6.7,13.2,.508,1.0,2.7,.351,5.8,10.5,.549,2.3,3.2,.721,2.3,6.0,8.3,2.1,1.0,1.3,2.1,4.4,16.7
343,Khris Middleton\middlkh01,SF,29,MIL,68,68,2269,8.1,17.0,.476,2.4,5.8,.414,5.7,11.2,.508,3.4,3.7,.898,0.9,5.6,6.4,5.9,1.2,0.1,2.8,2.5,22.0
344,Darius Miller\milleda01,SF,30,OKC,18,0,197,4.0,8.8,.458,3.1,7.7,.405,0.9,1.1,.833,2.2,2.2,1.000,0.4,4.0,4.4,3.8,2.4,0.9,1.5,2.4,13.3
345,Patty Mills\millspa02,PG,32,SAS,68,1,1685,5.4,13.1,.412,3.4,9.2,.375,1.9,3.9,.500,1.5,1.7,.910,0.4,2.1,2.5,3.5,0.9,0.1,1.4,1.7,15.7
346,Paul Millsap\millspa01,PF,35,DEN,56,36,1162,5.9,12.4,.476,1.5,4.4,.343,4.4,8.0,.550,2.2,3.0,.724,2.4,5.8,8.1,3.0,1.6,1.1,1.6,3.4,15.6
347,Shake Milton\miltosh01,SG,24,PHI,63,4,1461,7.4,16.4,.450,1.7,5.0,.350,5.6,11.4,.494,3.6,4.3,.830,0.8,2.8,3.6,4.8,1.0,0.4,2.5,3.2,20.1
348,Donovan Mitchell\mitchdo01,PG,24,UTA,53,53,1771,9.7,22.2,.438,3.6,9.4,.386,6.1,12.8,.476,5.4,6.4,.845,1.0,3.8,4.8,5.6,1.1,0.3,3.0,2.4,28.5
349,Adam Mokoka\mokokad01,SG,22,CHI,14,0,56,4.5,12.2,.368,0.6,6.4,.100,3.9,5.8,.667,0.0,0.6,.000,0.6,2.6,3.2,3.2,1.3,0.6,3.2,3.2,9.6
350,Malik Monk\monkma01,SG,22,CHO,42,0,878,7.1,16.4,.434,3.5,8.7,.401,3.6,7.7,.471,2.4,3.0,.819,0.6,3.6,4.1,3.6,0.8,0.2,2.3,1.9,20.1
351,E'Twaun Moore\mooreet01,SG,31,PHO,27,1,389,5.1,11.2,.455,1.0,3.2,.314,4.1,8.0,.512,1.1,1.3,.857,1.3,2.9,4.2,3.7,1.4,0.5,2.1,3.0,12.3
352,Ja Morant\moranja01,PG,21,MEM,63,63,2053,7.5,16.8,.449,1.3,4.2,.303,6.3,12.6,.499,4.8,6.5,.728,1.0,3.4,4.4,8.2,1.0,0.2,3.6,1.5,21.1
353,Juwan Morgan\morgaju01,PF,23,UTA,29,0,147,3.4,7.3,.467,1.0,3.2,.308,2.4,4.2,.588,0.7,1.7,.429,2.2,4.7,6.9,2.2,1.0,0.2,1.0,5.1,8.6
354,Marcus Morris\morrima03,PF,31,LAC,57,29,1502,6.6,14.0,.473,3.4,7.1,.473,3.3,6.9,.472,1.7,2.1,.820,0.8,4.8,5.6,1.4,0.8,0.4,1.4,2.8,18.3
355,Markieff Morris\morrima02,PF,31,LAL,61,27,1200,4.6,11.3,.405,1.9,6.3,.311,2.6,5.1,.521,1.1,1.5,.720,1.4,6.5,8.0,2.2,0.7,0.6,1.6,3.2,12.2
356,Monte Morris\morrimo01,PG,25,DEN,47,13,1196,5.6,11.6,.481,1.5,4.0,.381,4.1,7.6,.534,1.7,2.2,.795,0.3,2.6,2.9,4.5,1.0,0.4,1.0,1.4,14.5
357,Mychal Mulder\muldemy01,PG,26,GSW,60,6,766,5.6,12.5,.449,4.0,10.1,.397,1.6,2.4,.667,0.7,1.0,.636,0.4,2.4,2.8,1.2,0.6,0.6,0.8,2.6,15.8
358,Dejounte Murray\murrade01,PG,24,SAS,67,67,2139,7.4,16.4,.453,1.1,3.3,.317,6.4,13.0,.488,1.8,2.3,.791,1.0,7.0,8.0,6.1,1.7,0.1,2.0,2.3,17.7
359,Jamal Murray\murraja01,PG,23,DEN,48,48,1704,8.0,16.7,.477,2.7,6.7,.408,5.3,10.1,.523,2.8,3.2,.869,0.8,3.3,4.1,4.9,1.4,0.3,2.3,2.0,21.5
360,Mike Muscala\muscami01,C,29,OKC,35,0,645,6.6,14.9,.446,3.8,10.3,.370,2.8,4.6,.614,1.8,2.0,.917,1.1,6.3,7.4,1.6,0.4,0.6,1.2,3.0,18.9
361,Svi Mykhailiuk\mykhasv01,SF-SG,23,TOT,66,14,1324,5.7,13.8,.411,2.9,8.5,.334,2.8,5.2,.536,1.0,1.4,.760,0.7,3.8,4.4,3.0,1.4,0.3,2.4,1.7,15.2
361,Svi Mykhailiuk\mykhasv01,SF,23,DET,36,5,634,4.8,12.7,.377,3.2,9.7,.333,1.5,3.0,.519,1.4,1.7,.800,0.6,3.6,4.2,3.2,1.5,0.3,2.2,1.9,14.1
361,Svi Mykhailiuk\mykhasv01,SG,23,OKC,30,9,690,6.5,14.8,.438,2.5,7.5,.336,4.0,7.3,.543,0.7,1.0,.700,0.7,4.0,4.6,2.8,1.3,0.3,2.6,1.6,16.2
362,Abdel Nader\naderab01,SF,27,PHO,24,0,355,5.8,11.8,.491,1.8,4.4,.419,4.0,7.4,.534,2.8,3.8,.757,0.7,5.6,6.3,1.9,1.0,0.9,1.9,3.4,16.2
363,Larry Nance Jr.\nancela02,PF,28,CLE,35,27,1091,4.2,9.0,.471,1.4,3.8,.360,2.9,5.2,.551,1.0,1.6,.612,1.8,6.0,7.8,3.5,2.0,0.6,1.8,2.4,10.8
364,Aaron Nesmith\nesmiaa01,SF,21,BOS,46,1,669,4.2,9.6,.438,2.2,5.8,.370,2.0,3.8,.543,1.2,1.5,.786,1.5,5.3,6.8,1.2,0.8,0.5,1.2,4.7,11.7
365,Raul Neto\netora01,PG,28,WAS,64,22,1403,5.4,11.5,.468,1.6,4.2,.390,3.7,7.3,.512,1.9,2.2,.882,0.7,3.3,4.0,3.7,1.9,0.2,1.4,2.8,14.3
366,Georges Niang\niangge01,PF,27,UTA,72,10,1154,5.5,12.6,.437,3.9,9.1,.425,1.7,3.5,.469,0.7,0.7,.957,0.9,4.6,5.5,1.8,0.8,0.2,1.6,3.6,15.6
367,Zeke Nnaji\nnajize01,PF,20,DEN,42,1,397,4.5,9.4,.481,2.2,5.4,.407,2.4,4.1,.578,1.1,1.4,.800,1.3,4.6,5.9,0.9,0.7,0.4,0.6,2.6,12.3
368,Nerlens Noel\noelne01,C,26,NYK,64,41,1547,3.2,5.2,.614,0.0,0.1,.000,3.2,5.1,.623,1.2,1.6,.714,3.3,6.2,9.5,1.1,1.6,3.3,1.5,4.1,7.5
369,Jaylen Nowell\nowelja01,SG,21,MIN,42,0,759,6.7,15.9,.424,2.4,7.1,.333,4.4,8.8,.497,2.1,2.6,.818,0.9,3.6,4.5,2.9,1.0,0.6,1.3,3.4,18.0
370,Frank Ntilikina\ntilila01,PG,22,NYK,33,4,322,3.2,8.8,.367,2.6,5.4,.479,0.7,3.5,.194,0.9,2.0,.444,0.7,2.8,3.5,2.1,2.0,0.4,1.2,5.0,10.0
371,Kendrick Nunn\nunnke01,PG,25,MIA,56,44,1650,7.0,14.4,.485,2.7,7.0,.381,4.3,7.4,.583,1.2,1.3,.933,0.5,3.4,3.9,3.2,1.1,0.3,1.7,2.4,17.8
372,James Nunnally\nunnaja01,SF,30,NOP,9,0,48,3.7,9.7,.385,3.0,9.0,.333,0.7,0.7,1.000,0.7,1.5,.500,1.5,5.2,6.8,2.3,0.0,0.0,1.5,0.7,11.3
373,Jusuf Nurkić\nurkiju01,C,26,POR,37,37,880,7.0,13.6,.514,0.5,1.2,.400,6.5,12.4,.525,2.9,4.6,.619,3.5,10.1,13.6,5.1,1.6,1.6,3.0,4.2,17.3
374,David Nwaba\nwabada01,SF,28,HOU,30,9,679,5.6,11.6,.486,0.9,3.3,.270,4.7,8.2,.574,2.5,3.6,.691,2.1,4.1,6.3,1.6,1.6,1.1,0.9,3.2,14.6
375,Jordan Nwora\nworajo01,SF,22,MIL,30,2,274,8.1,17.7,.459,3.7,8.1,.452,4.5,9.6,.466,2.5,3.3,.760,1.2,6.7,7.9,0.9,2.1,0.9,3.2,2.9,22.5
376,Royce O'Neale\onealro01,SF,27,UTA,71,71,2241,2.8,6.3,.444,1.7,4.5,.385,1.1,1.9,.586,0.6,0.7,.848,1.4,6.4,7.8,2.9,0.9,0.5,1.3,2.9,8.0
377,Semi Ojeleye\ojelese01,PF,26,BOS,56,15,950,3.4,8.4,.403,2.2,6.0,.367,1.2,2.4,.492,0.9,1.2,.750,1.2,4.4,5.6,1.4,0.6,0.0,0.8,2.1,9.9
378,Jahlil Okafor\okafoja01,C,25,DET,27,2,347,6.5,10.6,.618,0.2,0.9,.222,6.3,9.6,.656,1.8,2.5,.708,2.4,4.5,6.8,1.3,0.6,0.5,2.2,4.0,15.0
379,Chuma Okeke\okekech01,PF,22,ORL,45,19,1133,4.3,10.3,.417,1.6,4.5,.348,2.7,5.8,.470,1.0,1.3,.750,1.3,4.4,5.8,3.2,1.5,0.7,1.2,1.5,11.1
380,Josh Okogie\okogijo01,SG,22,MIN,59,37,1197,3.1,7.6,.402,0.9,3.2,.269,2.2,4.4,.500,2.5,3.2,.769,1.9,2.8,4.7,1.9,1.6,0.8,1.3,3.7,9.5
381,Onyeka Okongwu\okongon01,C,20,ATL,50,4,601,5.8,8.9,.644,0.0,0.2,.000,5.8,8.7,.658,2.2,3.4,.632,3.7,6.0,9.8,1.1,1.4,2.0,1.7,6.0,13.7
382,Isaac Okoro\okorois01,SG,20,CLE,67,67,2173,3.9,9.3,.420,1.0,3.5,.290,2.9,5.7,.501,1.9,2.6,.726,1.1,2.3,3.4,2.1,1.0,0.4,1.4,3.1,10.7
383,KZ Okpala\okpalkz01,PF,21,MIA,37,9,447,2.9,7.7,.375,1.0,4.0,.240,1.9,3.7,.522,0.6,1.2,.533,1.7,3.8,5.5,1.5,0.8,0.9,1.2,4.8,7.4
384,Victor Oladipo\oladivi01,SG,28,TOT,33,33,1080,7.8,19.2,.408,2.6,8.0,.326,5.2,11.2,.466,3.5,4.6,.754,0.4,4.9,5.3,5.0,1.5,0.5,2.8,2.7,21.7
384,Victor Oladipo\oladivi01,SG,28,IND,9,9,300,7.7,18.2,.421,3.0,8.3,.362,4.7,10.0,.470,3.2,4.4,.730,0.1,6.0,6.1,4.6,1.8,0.2,2.2,2.8,21.6
384,Victor Oladipo\oladivi01,SG,28,HOU,20,20,669,8.3,20.5,.407,2.6,8.2,.320,5.7,12.3,.465,3.5,4.5,.783,0.4,4.7,5.1,5.3,1.3,0.5,2.7,2.4,22.8
384,Victor Oladipo\oladivi01,SG,28,MIA,4,4,111,5.2,13.9,.372,1.3,5.5,.235,3.9,8.4,.462,3.9,5.8,.667,1.0,3.6,4.5,4.5,2.3,0.6,4.5,4.2,15.6
385,Cameron Oliver\oliveca01,SF,24,HOU,4,0,87,7.9,13.7,.576,1.7,5.4,.308,6.2,8.3,.750,0.4,1.7,.250,2.1,6.6,8.7,2.1,0.8,1.7,1.2,4.6,17.8
386,Kelly Olynyk\olynyke01,C-PF,29,TOT,70,62,1997,6.1,12.6,.484,2.3,6.6,.342,3.8,5.9,.641,2.6,3.2,.829,1.6,7.2,8.8,3.7,1.4,0.8,2.3,3.7,17.0
386,Kelly Olynyk\olynyke01,C,29,MIA,43,38,1157,5.0,11.7,.431,2.4,7.6,.317,2.6,4.1,.639,1.0,1.2,.775,1.4,6.8,8.1,2.8,1.2,0.8,1.7,3.8,13.4
386,Kelly Olynyk\olynyke01,PF,29,HOU,27,24,840,7.5,13.8,.545,2.1,5.4,.392,5.4,8.4,.643,4.9,5.8,.844,1.8,7.9,9.8,4.8,1.7,0.7,3.0,3.6,22.0
387,Miye Oni\onimi01,SG,23,UTA,54,0,519,2.4,6.9,.354,2.1,6.1,.341,0.3,0.8,.455,0.3,0.4,.833,1.6,4.2,5.8,1.9,0.8,0.6,1.1,4.2,7.3
388,Cedi Osman\osmande01,SF,25,CLE,59,26,1510,5.2,14.0,.374,2.4,7.7,.306,2.9,6.2,.458,1.8,2.3,.800,0.9,3.9,4.8,4.1,1.3,0.2,1.9,2.8,14.6
389,Daniel Oturu\oturuda01,C,21,LAC,30,0,161,4.9,11.6,.423,0.2,1.1,.200,4.7,10.5,.447,2.0,2.7,.750,4.7,6.0,10.7,2.2,0.9,1.6,2.0,5.4,12.1
390,Kelly Oubre Jr.\oubreke01,SF,25,GSW,55,50,1687,6.8,15.4,.439,1.9,6.1,.316,4.9,9.4,.519,2.6,3.8,.695,1.7,5.3,7.0,1.6,1.2,0.9,1.5,2.6,18.1
391,Jabari Parker\parkeja01,PF,25,TOT,13,0,165,6.5,12.0,.545,0.4,2.4,.182,6.1,9.6,.636,2.2,2.8,.769,2.2,7.0,9.2,2.4,0.2,1.1,2.2,2.8,15.7
391,Jabari Parker\parkeja01,PF,25,SAC,3,0,27,5.3,9.3,.571,0.0,1.3,.000,5.3,8.0,.667,0.0,0.0,,1.3,6.7,8.0,1.3,0.0,1.3,4.0,5.3,10.7
391,Jabari Parker\parkeja01,PF,25,BOS,10,0,138,6.8,12.5,.542,0.5,2.6,.200,6.3,9.9,.632,2.6,3.4,.769,2.3,7.0,9.4,2.6,0.3,1.0,1.8,2.3,16.7
392,Eric Paschall\pascher01,PF,24,GSW,40,2,695,7.7,15.4,.497,0.9,2.8,.333,6.7,12.6,.533,3.5,4.9,.713,1.5,5.2,6.6,2.6,0.6,0.4,2.2,3.5,19.7
393,Anžejs Pasečņiks\pasecan01,C,25,WAS,1,0,6,0.0,6.0,.000,0.0,6.0,.000,0.0,0.0,,0.0,0.0,,6.0,0.0,6.0,6.0,0.0,0.0,30.0,12.0,0.0
394,Patrick Patterson\pattepa01,PF,31,LAC,38,5,582,4.5,10.2,.436,2.5,6.9,.357,2.0,3.3,.604,0.8,1.1,.765,1.2,3.5,4.6,1.8,0.9,0.5,0.7,2.8,12.2
395,Justin Patton\pattoju01,C,23,HOU,13,6,247,4.2,10.2,.414,1.3,5.0,.265,2.9,5.2,.556,0.4,0.6,.750,2.0,5.1,7.1,2.0,1.7,2.0,0.6,5.0,10.2
396,Chris Paul\paulch01,PG,35,PHO,70,70,2199,7.2,14.4,.499,1.7,4.2,.395,5.5,10.2,.543,2.8,3.0,.934,0.4,4.7,5.1,10.2,1.6,0.3,2.6,2.7,18.8
397,Cameron Payne\payneca01,PG,26,PHO,60,1,1079,6.4,13.2,.484,2.4,5.5,.440,3.9,7.6,.515,1.7,1.9,.893,0.5,4.3,4.8,7.2,1.2,0.5,2.0,3.2,16.8
398,Elfrid Payton\paytoel01,PG,26,NYK,63,63,1484,6.5,15.1,.432,0.7,2.4,.286,5.8,12.7,.460,1.8,2.6,.682,1.6,3.7,5.2,4.9,1.1,0.2,2.5,2.8,15.5
399,Gary Payton II\paytoga02,PG,28,GSW,10,0,40,9.0,11.7,.769,1.8,3.6,.500,7.2,8.1,.889,2.7,3.6,.750,1.8,8.1,9.9,0.9,5.4,0.9,0.9,7.2,22.5
400,Norvel Pelle\pelleno01,C,27,TOT,13,0,84,3.4,6.4,.533,0.0,0.0,,3.4,6.4,.533,1.7,2.6,.667,2.6,5.6,8.1,0.9,0.4,3.9,1.3,6.0,8.6
400,Norvel Pelle\pelleno01,C,27,BRK,3,0,28,3.9,9.0,.429,0.0,0.0,,3.9,9.0,.429,0.0,0.0,,3.9,5.1,9.0,0.0,0.0,3.9,3.9,11.6,7.7
400,Norvel Pelle\pelleno01,C,27,SAC,1,0,4,0.0,9.0,.000,0.0,0.0,,0.0,9.0,.000,27.0,36.0,.750,9.0,0.0,9.0,9.0,0.0,0.0,0.0,9.0,27.0
400,Norvel Pelle\pelleno01,C,27,NYK,9,0,52,3.5,4.8,.714,0.0,0.0,,3.5,4.8,.714,0.7,1.4,.500,1.4,6.2,7.6,0.7,0.7,4.2,0.0,2.8,7.6
401,Reggie Perry\perryre01,PF,20,BRK,26,0,211,5.5,13.3,.410,0.7,3.6,.190,4.8,9.7,.491,1.7,2.2,.769,4.6,7.8,12.5,2.4,1.0,1.0,2.6,6.8,13.3
402,Theo Pinson\pinsoth01,SG,25,NYK,17,0,34,1.1,9.5,.111,0.0,8.5,.000,1.1,1.1,1.000,0.0,0.0,,0.0,5.3,5.3,1.1,0.0,0.0,1.1,4.2,2.1
403,Mason Plumlee\plumlma01,C,30,DET,56,56,1499,5.6,9.2,.614,0.0,0.2,.000,5.6,9.0,.626,2.7,4.1,.669,3.5,9.0,12.5,4.9,1.0,1.2,2.5,4.5,14.0
404,Jakob Poeltl\poeltja01,C,25,SAS,69,51,1845,5.2,8.4,.616,0.0,0.0,,5.2,8.4,.616,1.2,2.4,.508,4.3,6.4,10.7,2.6,0.9,2.4,1.6,3.4,11.6
405,Vincent Poirier\poirivi01,C,27,PHI,10,0,39,2.8,11.1,.250,0.0,0.9,.000,2.8,10.2,.273,1.8,5.5,.333,5.5,7.4,12.9,1.8,0.0,2.8,3.7,7.4,7.4
406,Aleksej Pokusevski\pokusal01,PF,19,OKC,45,28,1090,4.6,13.5,.341,1.9,6.8,.280,2.7,6.6,.403,1.0,1.4,.738,1.0,6.0,7.0,3.2,0.7,1.4,3.3,1.9,12.1
407,Jordan Poole\poolejo01,SG,21,GSW,51,7,988,7.5,17.3,.432,3.5,10.1,.351,3.9,7.2,.545,3.8,4.3,.882,0.5,2.8,3.4,3.6,0.9,0.3,1.9,3.1,22.3
408,Jontay Porter\portejo01,PF,21,MEM,11,0,54,5.3,10.0,.533,2.0,5.3,.375,3.3,4.7,.714,2.0,3.3,.600,2.7,6.7,9.3,0.7,2.0,0.7,4.7,8.0,14.7
409,Kevin Porter Jr.\porteke02,SG,20,HOU,26,23,835,6.7,15.8,.425,2.2,6.9,.311,4.6,8.9,.515,3.0,4.1,.734,0.9,3.4,4.3,7.1,0.8,0.3,3.9,2.6,18.6
410,Michael Porter Jr.\portemi01,SF,22,DEN,61,54,1912,8.3,15.4,.542,3.2,7.2,.445,5.1,8.2,.628,2.0,2.5,.791,1.7,6.7,8.4,1.3,0.8,1.0,1.4,2.4,21.9
411,Otto Porter Jr.\porteot01,SF-PF,27,TOT,28,6,606,5.8,13.5,.432,2.3,6.2,.375,3.5,7.3,.480,2.1,2.5,.857,1.7,7.4,9.0,3.3,1.0,0.2,1.5,2.4,16.1
411,Otto Porter Jr.\porteot01,SF,27,CHI,25,6,540,5.9,13.5,.441,2.5,6.3,.400,3.4,7.1,.477,2.1,2.5,.838,1.9,7.3,9.2,3.3,0.8,0.3,1.7,2.5,16.5
411,Otto Porter Jr.\porteot01,PF,27,ORL,3,0,66,4.9,13.6,.360,0.5,4.9,.111,4.4,8.7,.500,2.7,2.7,1.000,0.0,7.6,7.6,2.7,2.2,0.0,0.0,2.2,13.1
412,Bobby Portis\portibo01,C,25,MIL,66,7,1372,8.2,15.7,.523,1.9,4.1,.471,6.3,11.6,.542,1.4,1.9,.740,3.3,9.0,12.2,1.9,1.4,0.7,1.5,3.0,19.8
413,Kristaps Porziņģis\porzikr01,C,25,DAL,43,43,1327,8.8,18.5,.476,2.6,7.0,.376,6.2,11.5,.536,3.2,3.7,.855,2.2,8.1,10.3,1.8,0.5,1.6,1.4,3.1,23.5
414,Dwight Powell\poweldw01,C,29,DAL,58,19,966,4.5,7.2,.619,0.2,0.8,.238,4.3,6.4,.665,3.6,4.6,.782,3.0,5.7,8.7,2.3,1.3,1.1,1.5,5.0,12.7
415,Norman Powell\powelno01,SG-SF,27,TOT,69,58,2205,7.2,15.0,.477,2.8,6.8,.411,4.4,8.2,.532,3.9,4.4,.871,0.7,2.8,3.5,2.1,1.3,0.3,1.9,2.6,20.9
415,Norman Powell\powelno01,SG,27,TOR,42,31,1277,7.9,16.0,.498,3.3,7.6,.439,4.6,8.4,.552,4.0,4.6,.865,0.5,3.0,3.6,2.2,1.3,0.2,2.2,2.8,23.2
415,Norman Powell\powelno01,SF,27,POR,27,27,928,6.1,13.7,.443,2.1,5.7,.361,4.0,8.0,.502,3.7,4.2,.880,0.9,2.6,3.5,2.0,1.4,0.4,1.6,2.4,17.8
416,Taurean Prince\princta02,PF,26,TOT,41,10,905,5.2,13.0,.401,2.5,6.2,.400,2.7,6.8,.401,2.6,3.0,.855,0.8,4.9,5.6,3.0,1.1,0.9,1.9,3.0,15.5
416,Taurean Prince\princta02,PF,26,BRK,12,4,218,5.0,12.2,.405,2.1,6.1,.351,2.8,6.1,.459,4.0,4.5,.889,0.3,5.3,5.6,1.2,1.3,1.3,1.8,3.5,16.0
416,Taurean Prince\princta02,PF,26,CLE,29,6,687,5.3,13.3,.399,2.6,6.2,.415,2.7,7.1,.385,2.1,2.6,.837,0.9,4.8,5.7,3.6,1.0,0.8,1.9,2.8,15.3
417,Payton Pritchard\pritcpa01,SG,23,BOS,66,4,1268,5.2,11.9,.440,2.9,7.0,.411,2.3,4.8,.482,1.1,1.3,.889,0.9,3.5,4.5,3.4,1.1,0.3,1.5,3.0,14.5
418,Immanuel Quickley\quickim01,PG,21,NYK,64,3,1243,6.6,16.8,.395,3.4,8.8,.389,3.2,8.0,.401,4.5,5.0,.891,0.7,3.2,4.0,3.7,0.9,0.3,1.7,3.3,21.2
419,Jahmi'us Ramsey\ramseja01,SG,19,SAC,13,0,94,5.7,14.6,.395,1.9,7.3,.263,3.8,7.3,.526,1.9,1.9,1.000,0.8,3.1,3.8,2.3,1.5,0.4,1.1,3.1,15.3
420,Chasson Randle\randlch01,PG,27,ORL,41,5,837,4.0,10.2,.388,1.9,5.6,.338,2.1,4.6,.449,1.6,2.1,.792,0.3,3.2,3.5,3.2,0.9,0.2,2.0,2.8,11.4
421,Julius Randle\randlju01,PF,26,NYK,71,71,2667,8.1,17.8,.456,2.2,5.3,.411,6.0,12.6,.474,4.7,5.8,.811,1.1,8.6,9.8,5.8,0.9,0.2,3.3,3.0,23.1
422,Cam Reddish\reddica01,SF,21,ATL,26,21,750,4.6,12.6,.365,1.6,6.0,.262,3.0,6.6,.460,3.2,3.9,.817,1.1,3.9,5.0,1.7,1.6,0.4,1.6,3.3,14.0
423,J.J. Redick\redicjj01,SG,36,TOT,44,0,723,5.3,13.3,.397,3.3,8.9,.371,2.0,4.4,.449,2.4,2.6,.942,0.2,3.0,3.2,2.5,0.5,0.1,1.8,2.5,16.3
423,J.J. Redick\redicjj01,SG,36,NOP,31,0,576,5.4,13.4,.407,3.2,8.7,.364,2.3,4.6,.486,2.8,2.9,.957,0.2,3.1,3.2,2.5,0.6,0.1,1.6,2.3,16.9
423,J.J. Redick\redicjj01,SG,36,DAL,13,0,147,4.7,13.0,.358,3.7,9.3,.395,1.0,3.7,.267,1.0,1.2,.800,0.2,2.7,2.9,2.7,0.5,0.2,2.7,3.2,14.0
424,Paul Reed\reedpa01,PF,21,PHI,26,0,177,8.5,15.9,.538,0.0,1.2,.000,8.5,14.6,.583,0.8,1.6,.500,6.1,6.3,12.4,2.4,2.0,2.6,2.4,5.9,17.9
425,Naz Reid\reidna01,C,21,MIN,70,15,1347,8.1,15.5,.523,1.6,4.7,.351,6.5,10.9,.597,3.1,4.4,.693,2.2,6.4,8.6,1.9,0.9,2.0,1.8,4.8,21.0
426,Cameron Reynolds\reynoca01,SF,25,TOT,5,0,40,5.4,16.2,.333,2.7,10.8,.250,2.7,5.4,.500,0.0,0.0,,1.8,2.7,4.5,1.8,0.0,0.0,0.0,1.8,13.5
426,Cameron Reynolds\reynoca01,SF,25,SAS,3,0,6,6.0,12.0,.500,0.0,0.0,,6.0,12.0,.500,0.0,0.0,,0.0,0.0,0.0,0.0,0.0,0.0,0.0,0.0,12.0
426,Cameron Reynolds\reynoca01,SF,25,HOU,2,0,34,5.3,16.9,.313,3.2,12.7,.250,2.1,4.2,.500,0.0,0.0,,2.1,3.2,5.3,2.1,0.0,0.0,0.0,2.1,13.8
427,Nick Richards\richani01,PF,23,CHO,18,0,63,2.3,5.1,.444,0.0,0.6,.000,2.3,4.6,.500,4.0,6.3,.636,2.3,4.0,6.3,1.1,0.0,0.0,1.7,4.0,8.6
428,Josh Richardson\richajo01,SG,27,DAL,59,56,1790,5.3,12.4,.427,1.8,5.4,.330,3.5,7.1,.501,2.0,2.2,.917,1.0,2.9,3.9,3.1,1.2,0.5,1.6,2.6,14.4
429,Grant Riller\rillegr01,PG,23,CHO,7,0,27,10.7,16.0,.667,2.7,5.3,.500,8.0,10.7,.750,0.0,0.0,,0.0,1.3,1.3,4.0,1.3,0.0,1.3,0.0,24.0
430,Austin Rivers\riverau01,SG,28,TOT,36,7,845,4.4,10.4,.424,2.3,6.3,.369,2.1,4.1,.510,0.9,1.3,.710,0.3,3.2,3.5,3.5,1.3,0.1,1.5,2.7,12.1
430,Austin Rivers\riverau01,SG,28,NYK,21,2,442,4.7,11.0,.430,2.3,6.3,.364,2.4,4.7,.517,0.8,1.1,.714,0.4,3.4,3.8,3.4,1.0,0.0,1.8,2.6,12.5
430,Austin Rivers\riverau01,SG,28,DEN,15,5,403,4.1,9.8,.418,2.4,6.4,.375,1.7,3.4,.500,1.1,1.5,.706,0.3,2.9,3.1,3.5,1.6,0.2,1.3,2.9,11.7
431,Andre Roberson\roberan03,SG,29,BRK,5,0,63,1.1,8.0,.143,0.6,4.6,.125,0.6,3.4,.167,0.6,1.1,.500,4.0,4.6,8.6,2.3,1.7,0.6,1.1,2.3,3.4
432,Duncan Robinson\robindu01,SF,26,MIA,72,72,2262,5.0,11.4,.439,4.0,9.8,.408,1.0,1.7,.625,1.0,1.2,.827,0.1,3.9,4.0,2.0,0.7,0.3,1.3,2.9,15.0
433,Glenn Robinson III\robingl02,SF,27,SAC,23,2,369,4.1,9.7,.424,1.6,4.3,.364,2.5,5.4,.473,2.0,2.2,.913,1.1,3.3,4.4,2.0,0.4,0.3,1.1,2.2,11.8
434,Jerome Robinson\robinje01,SG,23,WAS,17,6,305,3.3,11.2,.295,1.3,5.0,.262,2.0,6.3,.321,1.9,2.4,.800,0.5,4.0,4.5,3.0,1.4,0.7,2.2,3.7,9.8
435,Justin Robinson\robinju01,PG,23,OKC,9,0,88,2.9,8.6,.333,1.6,5.7,.286,1.2,2.9,.429,1.2,2.0,.600,0.4,2.5,2.9,3.7,1.2,0.0,0.8,4.1,8.6
436,Mitchell Robinson\robinmi01,C,22,NYK,31,29,853,4.9,7.4,.653,0.0,0.0,,4.9,7.4,.653,1.1,2.2,.491,4.8,5.9,10.6,0.7,1.5,1.9,1.1,3.6,10.8
437,Isaiah Roby\robyis01,PF,22,OKC,61,34,1425,5.2,10.8,.483,0.8,2.8,.294,4.4,8.1,.547,2.2,3.0,.744,2.2,6.4,8.6,2.7,1.3,0.9,2.9,4.1,13.5
438,Rajon Rondo\rondora01,PG,34,TOT,45,3,770,4.4,10.1,.442,1.7,4.2,.404,2.8,5.9,.468,0.7,0.8,.941,0.8,4.3,5.1,9.3,1.7,0.2,3.7,2.5,11.3
438,Rajon Rondo\rondora01,PG,34,ATL,27,2,402,3.9,9.9,.400,1.5,4.0,.378,2.4,5.8,.415,0.1,0.2,.500,0.4,4.6,4.9,8.5,1.7,0.2,3.5,2.2,9.5
438,Rajon Rondo\rondora01,PG,34,LAC,18,1,368,5.0,10.3,.486,1.9,4.3,.432,3.1,6.0,.525,1.5,1.5,1.000,1.4,4.0,5.4,10.2,1.8,0.2,3.9,2.7,13.3
439,Derrick Rose\rosede01,PG,32,TOT,50,3,1279,8.1,17.2,.470,1.4,3.6,.388,6.7,13.6,.492,3.1,3.6,.866,0.6,3.1,3.7,5.9,1.4,0.5,2.2,1.6,20.7
439,Derrick Rose\rosede01,PG,32,DET,15,0,342,8.3,19.4,.429,1.4,4.1,.333,6.9,15.3,.455,4.4,5.3,.840,0.6,2.4,3.1,6.6,1.9,0.4,3.1,1.8,22.4
439,Derrick Rose\rosede01,PG,32,NYK,35,3,937,8.0,16.4,.487,1.4,3.5,.411,6.6,12.9,.507,2.6,3.0,.883,0.5,3.3,3.9,5.6,1.2,0.6,1.9,1.5,20.0
440,Terrence Ross\rosste01,SG,29,ORL,46,2,1347,6.8,16.5,.412,2.4,7.1,.337,4.4,9.4,.469,3.2,3.7,.870,0.4,3.8,4.2,2.9,1.3,0.6,2.0,2.4,19.2
441,Terry Rozier\roziete01,SG,26,CHO,69,69,2383,7.7,17.1,.450,3.4,8.6,.389,4.4,8.5,.512,2.5,3.1,.817,0.7,3.9,4.6,4.4,1.3,0.4,1.9,1.8,21.3
442,Ricky Rubio\rubiori01,PG,30,MIN,68,51,1772,3.9,10.1,.388,1.3,4.3,.308,2.6,5.8,.447,2.6,3.0,.867,0.6,4.0,4.5,8.8,2.0,0.1,2.3,2.8,11.8
443,D'Angelo Russell\russeda01,PG,24,MIN,42,26,1196,8.5,19.6,.431,3.6,9.3,.387,4.8,10.3,.471,3.4,4.5,.765,0.5,2.9,3.3,7.3,1.4,0.5,3.4,2.0,24.0
444,Domantas Sabonis\sabondo01,PF,24,IND,62,62,2231,7.8,14.6,.535,0.8,2.6,.321,7.0,12.0,.582,3.9,5.3,.732,2.4,9.6,12.0,6.7,1.2,0.5,3.4,3.3,20.3
445,Luka Šamanić\samanlu01,PF,21,SAS,33,4,308,5.5,12.3,.448,1.4,5.0,.279,4.1,7.2,.565,1.9,3.4,.552,1.9,6.1,7.9,1.8,0.9,0.9,2.3,5.0,14.3
446,JaKarr Sampson\sampsja02,PF,27,IND,29,4,316,6.4,12.9,.496,0.3,1.7,.200,6.0,11.2,.541,2.2,3.3,.655,3.1,5.7,8.8,0.5,0.2,1.6,1.7,5.9,15.3
447,Dario Šarić\saricda01,C,26,PHO,50,4,871,6.3,14.1,.447,1.9,5.6,.348,4.4,8.6,.512,3.5,4.1,.848,1.9,6.0,7.9,2.7,1.2,0.2,2.4,3.9,18.1
448,Tomáš Satoranský\satorto01,SG,29,CHI,58,18,1307,4.7,9.1,.514,1.2,3.3,.356,3.5,5.8,.602,1.8,2.2,.848,0.8,3.1,3.9,7.5,1.1,0.4,2.6,2.5,12.3
449,Dennis Schröder\schrode01,SG,27,LAL,61,61,1956,6.1,14.0,.437,1.3,3.9,.335,4.8,10.1,.476,3.8,4.5,.848,0.6,3.3,3.9,6.5,1.3,0.2,3.0,2.9,17.3
450,Mike Scott\scottmi01,PF,32,PHI,51,12,852,3.2,8.9,.360,2.2,6.5,.342,1.0,2.4,.411,0.3,0.5,.667,0.5,4.6,5.1,1.7,1.0,0.6,0.8,3.0,9.0
451,Jay Scrubb\scrubja01,SG,20,LAC,4,1,84,6.0,15.4,.389,0.9,3.9,.222,5.1,11.6,.444,2.1,2.1,1.000,0.9,5.1,6.0,0.4,1.7,0.0,3.0,2.1,15.0
452,Collin Sexton\sextoco01,SG,22,CLE,60,60,2115,8.9,18.8,.475,1.7,4.5,.371,7.3,14.3,.508,5.3,6.5,.815,1.0,2.2,3.2,4.5,1.1,0.2,2.8,2.7,24.9
453,Landry Shamet\shamela01,SG,23,BRK,61,12,1403,4.8,11.7,.408,3.3,8.5,.387,1.5,3.2,.463,1.7,2.0,.846,0.3,2.6,2.9,2.5,0.8,0.3,1.2,2.4,14.5
454,Iman Shumpert\shumpim01,SG,30,BRK,2,0,11,3.3,13.1,.250,0.0,9.8,.000,3.3,3.3,1.000,0.0,0.0,,3.3,0.0,3.3,0.0,3.3,0.0,3.3,0.0,6.5
455,Pascal Siakam\siakapa01,PF,26,TOR,56,56,2006,7.8,17.2,.455,1.3,4.4,.297,6.5,12.8,.509,4.5,5.4,.827,1.7,5.6,7.3,4.5,1.1,0.7,2.3,3.1,21.5
456,Chris Silva\silvach01,PF,24,TOT,15,0,92,3.9,6.3,.625,0.4,0.4,1.000,3.5,5.9,.600,4.3,5.9,.733,2.7,7.8,10.6,2.3,0.4,2.3,3.9,9.4,12.5
456,Chris Silva\silvach01,PF,24,MIA,11,0,83,3.9,5.6,.692,0.4,0.4,1.000,3.5,5.2,.667,4.8,6.5,.733,3.0,7.8,10.8,2.6,0.4,2.2,3.9,8.7,13.0
456,Chris Silva\silvach01,PF,24,SAC,4,0,9,4.0,12.0,.333,0.0,0.0,,4.0,12.0,.333,0.0,0.0,,0.0,8.0,8.0,0.0,0.0,4.0,4.0,16.0,8.0
457,Ben Simmons\simmobe01,PG,24,PHI,58,58,1877,6.2,11.2,.557,0.1,0.2,.300,6.2,11.0,.562,3.4,5.5,.613,1.8,6.2,8.0,7.7,1.8,0.7,3.3,3.3,15.9
458,Anfernee Simons\simonan01,SG,21,POR,64,0,1104,5.5,13.1,.419,3.9,9.2,.426,1.6,3.9,.403,1.5,1.9,.807,0.5,4.1,4.6,2.9,0.6,0.3,1.4,3.1,16.4
459,Deividas Sirvydis\sirvyde01,SG,20,DET,20,0,133,3.8,10.8,.350,2.7,7.6,.357,1.1,3.2,.333,0.8,1.6,.500,0.0,7.8,7.8,1.4,0.5,0.0,1.4,2.4,11.1
460,Alen Smailagić\smailal01,PF,20,GSW,15,1,84,4.7,11.6,.407,1.7,4.3,.400,3.0,7.3,.412,0.9,2.6,.333,2.6,4.3,6.9,1.7,1.3,2.1,2.1,4.7,12.0
461,Marcus Smart\smartma01,PG,26,BOS,48,45,1581,4.6,11.6,.398,2.1,6.4,.330,2.5,5.2,.482,2.9,3.7,.790,0.8,3.0,3.8,6.2,1.6,0.5,2.2,2.9,14.3
462,Dennis Smith Jr.\smithde03,PG,23,TOT,23,9,420,5.0,12.4,.400,1.6,5.0,.328,3.3,7.5,.448,1.6,2.2,.731,1.0,3.7,4.7,6.6,2.0,1.2,2.2,3.2,13.2
462,Dennis Smith Jr.\smithde03,PG,23,NYK,3,0,28,2.6,12.9,.200,0.0,5.1,.000,2.6,7.7,.333,6.4,7.7,.833,0.0,2.6,2.6,3.9,3.9,0.0,1.3,5.1,11.6
462,Dennis Smith Jr.\smithde03,PG,23,DET,20,9,392,5.1,12.4,.415,1.7,5.0,.352,3.4,7.4,.457,1.3,1.8,.700,1.1,3.8,4.9,6.8,1.8,1.3,2.3,3.0,13.3
463,Ish Smith\smithis01,PG,32,WAS,44,1,924,5.0,11.6,.434,0.7,1.9,.367,4.3,9.7,.448,0.7,1.3,.576,0.9,5.0,5.8,6.7,1.2,0.5,1.6,2.4,11.5
464,Jalen Smith\smithja04,PF,20,PHO,27,1,156,5.1,11.5,.440,0.9,3.9,.235,4.2,7.6,.545,1.2,1.6,.714,1.6,6.9,8.5,0.9,0.2,1.2,1.6,3.7,12.2
465,Tony Snell\snellto01,SG,29,ATL,47,23,992,3.2,6.2,.515,2.3,4.0,.569,0.9,2.3,.419,0.4,0.4,1.000,0.7,3.4,4.1,2.1,0.5,0.4,0.8,2.7,9.0
466,Ray Spalding\spaldra01,C,23,HOU,2,0,19,3.8,7.6,.500,0.0,1.9,.000,3.8,5.7,.667,0.0,3.8,.000,3.8,3.8,7.6,0.0,0.0,3.8,5.7,5.7,7.6
467,Cassius Stanley\stanlca01,SG,21,IND,24,0,93,5.0,16.6,.302,1.2,5.0,.231,3.9,11.6,.333,2.7,3.5,.778,3.1,4.6,7.7,0.4,0.4,0.8,0.4,5.4,13.9
468,Lamar Stevens\stevela01,PF,23,CLE,40,0,499,4.5,9.8,.456,0.3,1.8,.160,4.2,8.0,.523,2.7,3.7,.725,1.7,5.2,6.9,1.8,1.2,0.9,1.7,3.8,11.9
469,Isaiah Stewart\stewais01,C,19,DET,68,14,1455,5.6,10.1,.553,0.5,1.6,.333,5.1,8.6,.592,1.6,2.3,.696,3.9,7.3,11.2,1.5,1.0,2.1,1.7,4.6,13.3
470,Max Strus\strusma01,SF,24,MIA,39,0,507,6.0,13.3,.455,3.6,10.5,.338,2.5,2.8,.897,1.1,1.7,.667,0.4,2.6,2.9,1.7,0.8,0.1,0.6,3.1,16.8
471,Edmond Sumner\sumneed01,SG,25,IND,53,24,861,6.2,11.8,.525,1.5,3.7,.398,4.7,8.1,.582,2.8,3.5,.819,0.8,3.2,3.9,2.0,1.4,0.4,2.1,3.7,16.7
472,Jae'Sean Tate\tateja01,SF,25,HOU,70,58,2043,5.6,11.0,.506,1.1,3.4,.308,4.5,7.6,.595,1.8,2.6,.694,2.3,4.3,6.6,3.1,1.5,0.6,1.7,3.9,14.0
473,Jayson Tatum\tatumja01,SF,22,BOS,64,64,2290,9.5,20.7,.459,2.9,7.6,.386,6.6,13.1,.502,4.6,5.3,.868,0.8,6.6,7.4,4.3,1.2,0.5,2.7,1.9,26.6
474,Jeff Teague\teaguje01,PG,32,TOT,55,7,950,4.7,10.8,.433,1.4,3.1,.439,3.3,7.7,.431,3.4,4.0,.848,0.6,2.8,3.3,5.0,1.3,0.5,2.4,2.1,14.1
474,Jeff Teague\teaguje01,PG,32,BOS,34,5,616,4.6,11.0,.415,1.5,3.3,.464,3.0,7.7,.394,3.0,3.6,.836,0.6,2.7,3.3,4.3,1.5,0.4,2.3,2.5,13.6
474,Jeff Teague\teaguje01,PG,32,MIL,21,2,334,4.9,10.3,.469,1.1,2.8,.385,3.8,7.5,.500,4.1,4.7,.864,0.5,2.8,3.3,6.4,0.9,0.5,2.7,1.4,14.9
475,Garrett Temple\templga01,SG,34,CHI,56,25,1528,3.7,9.0,.415,1.6,4.7,.335,2.1,4.3,.503,0.9,1.2,.800,0.7,3.1,3.8,2.9,1.0,0.7,1.4,3.0,10.0
476,Tyrell Terry\terryty01,PG,20,DAL,11,0,56,3.2,10.3,.313,0.0,4.5,.000,3.2,5.8,.556,0.6,1.9,.333,0.0,3.9,3.9,3.9,3.2,0.0,1.3,1.3,7.1
477,Daniel Theis\theisda01,C,28,TOT,65,51,1601,5.7,10.5,.541,1.1,3.4,.322,4.6,7.1,.646,1.7,2.5,.673,2.1,5.9,8.0,2.4,0.9,1.3,1.5,3.8,14.1
477,Daniel Theis\theisda01,C,28,BOS,42,37,1027,5.6,10.1,.552,1.2,3.3,.347,4.4,6.8,.653,1.6,2.3,.687,1.9,5.8,7.7,2.3,0.9,1.5,1.4,4.2,13.9
477,Daniel Theis\theisda01,C,28,CHI,23,14,574,5.8,11.2,.522,1.0,3.6,.281,4.8,7.6,.636,1.8,2.7,.651,2.4,6.1,8.5,2.6,1.0,0.9,1.6,2.9,14.4
478,Brodric Thomas\thomabr01,SG,24,TOT,32,1,399,3.5,9.7,.361,1.4,5.3,.271,2.1,4.4,.469,2.8,4.2,.674,0.7,4.1,4.8,2.7,1.4,0.9,2.0,3.6,11.3
478,Brodric Thomas\thomabr01,SG,24,HOU,4,0,24,3.0,10.5,.286,1.5,9.0,.167,1.5,1.5,1.000,7.5,10.5,.714,1.5,4.5,6.0,6.0,1.5,1.5,6.0,7.5,15.0
478,Brodric Thomas\thomabr01,SG,24,CLE,28,1,375,3.6,9.7,.366,1.4,5.1,.283,2.1,4.6,.458,2.5,3.7,.667,0.7,4.0,4.7,2.5,1.3,0.9,1.7,3.4,11.0
479,Isaiah Thomas\thomais02,PG,31,NOP,3,0,48,6.8,20.3,.333,2.3,9.0,.250,4.5,11.3,.400,1.5,1.5,1.000,0.7,2.3,3.0,3.7,0.7,0.0,4.5,2.3,17.2
480,Khyri Thomas\thomakh01,SG,24,HOU,5,2,153,7.5,15.5,.485,2.1,6.4,.333,5.4,9.2,.590,2.1,2.1,1.000,1.6,2.6,4.2,5.9,2.1,1.4,1.4,1.9,19.3
481,Matt Thomas\thomama02,SG,26,TOT,45,0,326,5.5,14.0,.394,3.0,8.8,.338,2.5,5.2,.489,1.3,1.5,.857,0.8,4.1,4.9,2.1,0.4,0.0,1.5,2.0,15.3
481,Matt Thomas\thomama02,SG,26,TOR,26,0,192,4.5,11.6,.387,3.2,7.7,.415,1.3,3.9,.333,1.1,1.3,.857,0.6,3.4,3.9,1.7,0.4,0.0,1.1,1.9,13.3
481,Matt Thomas\thomama02,SG,26,UTA,19,0,134,7.0,17.5,.400,2.7,10.5,.256,4.3,7.0,.615,1.6,1.9,.857,1.1,5.1,6.2,2.7,0.5,0.0,2.1,2.1,18.3
482,Tristan Thompson\thomptr01,PF,29,BOS,54,43,1287,4.7,9.1,.518,0.0,0.1,.000,4.7,9.0,.523,2.0,3.4,.592,4.7,7.6,12.3,1.9,0.7,0.9,1.7,3.3,11.4
483,Sindarius Thornwell\thornsi01,SG,26,TOT,21,1,217,2.5,7.6,.326,1.2,3.8,.304,1.3,3.8,.348,0.7,1.3,.500,0.5,2.5,3.0,3.5,2.2,0.3,1.2,2.5,6.8
483,Sindarius Thornwell\thornsi01,SG,26,NOP,14,1,73,3.5,10.4,.333,1.5,4.4,.333,2.0,5.9,.333,0.0,1.0,.000,0.5,2.0,2.5,2.0,2.5,0.5,2.0,1.5,8.4
483,Sindarius Thornwell\thornsi01,SG,26,ORL,7,0,144,2.0,6.2,.320,1.0,3.5,.286,1.0,2.7,.364,1.0,1.5,.667,0.5,2.7,3.2,4.2,2.0,0.2,0.7,3.0,6.0
484,Matisse Thybulle\thybuma01,SG,23,PHI,65,8,1298,2.8,6.7,.420,1.2,4.0,.301,1.6,2.8,.590,0.2,0.5,.444,0.8,2.6,3.4,1.7,2.9,2.0,0.9,3.5,7.1
485,Killian Tillie\tilliki02,C,22,MEM,18,1,182,3.8,11.3,.333,2.0,6.5,.303,1.8,4.7,.375,1.8,2.2,.818,1.2,3.6,4.7,1.6,1.0,1.6,0.4,4.0,11.3
486,Xavier Tillman Sr.\tillmxa01,PF,22,MEM,59,12,1085,5.5,9.9,.559,0.7,2.2,.338,4.8,7.8,.620,1.1,1.8,.642,2.5,6.0,8.5,2.5,1.5,1.1,1.5,3.8,12.9
487,Anthony Tolliver\tollian01,PF,35,PHI,11,0,99,1.5,6.2,.235,1.5,5.1,.286,0.0,1.1,.000,1.8,2.2,.833,1.1,2.5,3.6,0.7,1.1,0.7,1.1,2.5,6.2
488,Obi Toppin\toppiob01,PF,22,NYK,62,0,683,5.5,11.0,.498,1.4,4.5,.306,4.1,6.5,.629,1.0,1.4,.731,1.4,5.9,7.3,1.5,0.9,0.8,1.2,2.9,13.3
489,Juan Toscano-Anderson\toscaju01,SG,27,GSW,53,16,1107,3.9,6.8,.579,1.2,3.0,.402,2.7,3.8,.718,0.7,1.0,.710,0.9,6.7,7.6,4.9,1.3,0.8,2.0,3.6,9.8
490,Axel Toupane\toupaax01,SF,28,MIL,8,1,61,2.4,6.5,.364,0.6,1.2,.500,1.8,5.3,.333,3.0,4.1,.714,0.0,3.5,3.5,2.4,1.2,1.8,0.0,3.5,8.3
491,Karl-Anthony Towns\townska01,C,25,MIN,50,50,1689,9.1,18.7,.486,2.6,6.7,.387,6.5,11.9,.541,5.7,6.6,.859,2.8,8.4,11.3,4.8,0.8,1.2,3.4,4.0,26.4
492,Gary Trent Jr.\trentga02,SG,22,TOT,58,38,1802,6.4,15.7,.408,3.3,8.6,.385,3.1,7.1,.435,1.7,2.1,.783,0.5,2.5,3.0,1.6,1.1,0.2,0.9,1.8,17.7
492,Gary Trent Jr.\trentga02,SG,22,POR,41,23,1262,6.2,14.9,.414,3.5,8.7,.397,2.7,6.2,.438,1.7,2.1,.773,0.6,2.0,2.6,1.7,1.1,0.2,0.9,1.8,17.5
492,Gary Trent Jr.\trentga02,SG,22,TOR,17,15,540,6.9,17.4,.395,2.9,8.3,.355,3.9,9.1,.431,1.7,2.1,.806,0.4,3.7,4.1,1.5,1.3,0.3,0.8,1.9,18.3
493,P.J. Tucker\tuckepj01,PF,35,TOT,52,33,1356,1.8,4.7,.373,1.1,3.2,.336,0.7,1.5,.448,0.6,0.7,.750,1.4,4.1,5.4,1.6,1.0,0.5,1.1,3.3,5.1
493,P.J. Tucker\tuckepj01,PF,35,HOU,32,32,959,1.8,4.9,.366,1.0,3.2,.314,0.8,1.7,.467,0.7,0.9,.783,1.2,4.3,5.6,1.7,1.1,0.7,1.2,3.4,5.3
493,P.J. Tucker\tuckepj01,PF,35,MIL,20,1,397,1.6,4.2,.391,1.2,3.0,.394,0.5,1.2,.385,0.3,0.5,.600,1.6,3.4,5.1,1.5,0.9,0.2,0.6,3.1,4.7
494,Rayjon Tucker\tuckera01,PG,23,PHI,14,0,68,4.8,9.5,.500,1.1,3.7,.286,3.7,5.8,.636,7.4,10.1,.737,0.5,5.3,5.8,3.2,1.1,0.0,2.1,4.2,18.0
495,Myles Turner\turnemy01,C,24,IND,47,47,1455,5.1,10.7,.477,1.7,5.1,.335,3.4,5.6,.606,2.7,3.5,.782,1.6,6.0,7.6,1.2,1.0,3.9,1.7,4.1,14.6
496,Jonas Valančiūnas\valanjo01,C,28,MEM,62,61,1755,9.0,15.2,.592,0.4,1.2,.368,8.6,14.1,.611,3.2,4.2,.773,5.2,10.7,15.9,2.3,0.7,1.2,2.1,3.7,21.7
497,Denzel Valentine\valende01,SG,27,CHI,62,3,1036,5.4,14.5,.373,2.8,8.4,.331,2.6,6.0,.431,0.6,0.6,.941,0.8,6.0,6.8,3.6,1.0,0.2,1.5,2.4,14.1
498,Jarred Vanderbilt\vandeja01,PF,21,MIN,64,30,1139,4.5,7.5,.606,0.0,0.2,.200,4.5,7.3,.615,1.8,3.2,.559,3.7,7.9,11.6,2.4,2.0,1.5,1.7,3.9,10.9
499,Fred VanVleet\vanvlfr01,SG,26,TOR,52,52,1899,6.4,16.5,.389,3.3,9.0,.366,3.1,7.5,.416,3.2,3.6,.885,0.6,3.6,4.2,6.2,1.6,0.7,1.8,2.3,19.3
500,Anderson Varejão\varejan01,C,38,CLE,5,0,36,4.0,16.0,.250,0.0,1.0,.000,4.0,15.0,.267,5.0,9.0,.556,7.0,13.0,20.0,3.0,0.0,2.0,1.0,3.0,13.0
501,Devin Vassell\vassede01,SF,20,SAS,62,7,1056,4.2,10.3,.406,1.8,5.1,.347,2.4,5.2,.464,1.5,1.7,.843,0.8,5.1,5.9,1.9,1.5,0.6,0.7,3.0,11.6
502,Gabe Vincent\vincega01,PG,24,MIA,50,7,655,4.8,12.8,.378,2.5,8.2,.309,2.3,4.6,.500,1.1,1.3,.870,0.5,2.5,3.1,3.7,1.2,0.1,1.9,4.3,13.3
503,Noah Vonleh\vonleno01,PF,25,BRK,4,0,11,0.0,9.8,.000,0.0,6.5,.000,0.0,3.3,.000,0.0,0.0,,0.0,3.3,3.3,3.3,0.0,0.0,6.5,6.5,0.0
504,Nikola Vučević\vucevni01,C,30,TOT,70,70,2348,10.2,21.4,.477,2.7,6.7,.400,7.5,14.7,.513,2.0,2.4,.840,2.2,10.3,12.5,4.1,1.0,0.7,1.9,2.1,25.1
504,Nikola Vučević\vucevni01,C,30,ORL,44,44,1500,10.5,21.8,.480,2.8,6.9,.406,7.7,14.9,.515,2.2,2.6,.827,2.1,10.3,12.4,4.0,1.0,0.7,2.0,1.9,25.9
504,Nikola Vučević\vucevni01,C,30,CHI,26,26,848,9.8,20.7,.471,2.5,6.5,.388,7.3,14.3,.509,1.7,2.0,.870,2.5,10.2,12.7,4.3,1.0,0.8,1.8,2.5,23.7
505,Dean Wade\wadede01,PF,24,CLE,63,19,1212,4.0,9.2,.431,2.3,6.3,.366,1.7,2.9,.571,0.9,1.2,.769,1.1,5.3,6.4,2.2,1.0,0.6,0.9,2.3,11.2
506,Moritz Wagner\wagnemo01,C,23,TOT,45,24,722,5.2,11.4,.454,1.5,4.5,.341,3.6,6.9,.529,3.5,4.3,.816,1.3,5.9,7.3,2.5,1.3,0.9,2.1,5.4,15.5
506,Moritz Wagner\wagnemo01,C,23,WAS,25,13,375,6.0,11.7,.508,1.2,4.0,.310,4.7,7.7,.613,3.9,5.0,.788,1.2,5.8,7.0,3.1,2.1,0.8,2.0,6.0,17.1
506,Moritz Wagner\wagnemo01,C,23,BOS,9,1,61,2.4,8.3,.286,1.2,3.5,.333,1.2,4.7,.250,0.6,1.2,.500,1.8,9.4,11.2,3.5,0.0,0.6,5.3,5.9,6.5
506,Moritz Wagner\wagnemo01,C,23,ORL,11,10,286,4.8,11.7,.409,2.0,5.4,.372,2.8,6.3,.440,3.7,4.2,.879,1.4,5.4,6.8,1.5,0.5,1.1,1.6,4.5,15.2
507,Kemba Walker\walkeke02,PG,30,BOS,43,43,1369,7.5,17.8,.420,3.3,9.3,.360,4.1,8.5,.486,3.5,3.9,.899,0.4,4.0,4.5,5.6,1.3,0.3,2.3,1.6,21.8
508,Lonnie Walker IV\walkelo01,SG,22,SAS,60,38,1522,6.1,14.4,.420,2.4,6.7,.355,3.7,7.7,.477,1.3,1.7,.814,0.3,3.3,3.7,2.4,0.7,0.4,1.5,2.4,15.8
509,John Wall\walljo01,PG,30,HOU,40,40,1288,8.2,20.3,.404,2.2,7.0,.317,6.0,13.3,.449,4.4,5.9,.749,0.5,3.1,3.6,7.7,1.2,0.9,3.9,1.3,23.0
510,Brad Wanamaker\wanambr01,PG,31,TOT,61,0,1053,3.9,10.2,.385,0.5,2.9,.188,3.4,7.3,.463,3.1,3.5,.891,0.6,3.0,3.6,5.9,1.5,0.4,2.4,3.2,11.5
510,Brad Wanamaker\wanambr01,PG,31,GSW,39,0,625,3.5,10.0,.353,0.7,3.5,.213,2.8,6.5,.429,2.9,3.2,.893,0.5,3.3,3.8,5.7,1.5,0.3,2.1,3.2,10.7
510,Brad Wanamaker\wanambr01,PG,31,CHO,22,0,428,4.5,10.6,.429,0.3,2.0,.125,4.3,8.6,.500,3.4,3.8,.889,0.8,2.4,3.3,6.3,1.4,0.4,2.9,3.3,12.7
511,T.J. Warren\warretj01,SF,27,IND,4,4,117,8.3,15.7,.529,0.0,2.2,.000,8.3,13.5,.614,2.5,3.1,.800,0.6,3.7,4.3,1.5,0.6,0.0,1.2,4.9,19.1
512,P.J. Washington\washipj01,PF,22,CHO,64,61,1954,5.6,12.6,.440,2.1,5.3,.386,3.5,7.3,.480,2.0,2.7,.745,1.7,6.0,7.7,3.0,1.3,1.5,2.4,3.2,15.2
513,Yuta Watanabe\watanyu01,SF,26,TOR,50,4,723,3.9,9.0,.439,1.8,4.5,.400,2.1,4.5,.478,1.2,1.4,.828,1.8,6.1,7.9,2.0,1.3,0.9,0.9,2.8,10.9
514,Tremont Waters\watertr01,PG,23,BOS,26,3,238,5.1,12.7,.405,2.3,5.7,.395,2.9,7.0,.413,2.4,2.6,.941,0.8,2.4,3.2,9.4,2.3,0.2,4.1,2.6,15.0
515,Paul Watson\watsopa01,SF,26,TOR,27,2,297,4.6,9.9,.463,3.6,7.8,.469,1.0,2.2,.444,0.6,1.0,.625,0.5,5.0,5.5,2.1,0.7,0.4,1.1,4.4,13.5
516,Quinndary Weatherspoon\weathqu01,SG,24,SAS,20,0,121,4.8,10.4,.457,0.3,1.8,.167,4.5,8.6,.517,3.9,4.8,.813,0.9,2.4,3.3,2.4,2.4,0.6,3.0,5.4,13.7
517,Russell Westbrook\westbru01,PG,32,WAS,65,65,2369,8.3,18.8,.439,1.3,4.1,.315,7.0,14.7,.475,4.1,6.3,.656,1.7,9.7,11.4,11.6,1.4,0.3,4.7,2.9,22.0
518,Coby White\whiteco01,PG,20,CHI,69,54,2156,6.3,15.1,.416,2.7,7.6,.359,3.5,7.5,.473,2.1,2.4,.901,0.5,4.3,4.7,5.5,0.6,0.3,2.6,3.0,17.4
519,Derrick White\whitede01,SG,26,SAS,36,32,1064,6.3,15.3,.411,2.8,8.2,.346,3.5,7.1,.486,3.3,3.9,.851,0.4,3.2,3.6,4.3,0.9,1.2,1.5,3.1,18.7
520,Hassan Whiteside\whiteha01,C,31,SAC,36,4,546,8.3,14.8,.563,0.0,0.1,.000,8.3,14.7,.565,2.7,5.2,.519,4.0,10.2,14.2,1.3,0.6,3.0,2.6,4.8,19.3
521,Greg Whittington\whittgr01,PF,27,DEN,4,0,12,0.0,9.0,.000,0.0,6.0,.000,0.0,3.0,.000,0.0,0.0,,0.0,0.0,0.0,0.0,0.0,0.0,0.0,0.0,0.0
522,Andrew Wiggins\wiggian01,PF,25,GSW,71,71,2364,7.7,16.1,.477,2.1,5.6,.380,5.6,10.5,.529,2.6,3.6,.714,1.2,4.0,5.3,2.5,1.0,1.1,1.9,2.4,20.1
523,Grant Williams\willigr01,PF,22,BOS,63,9,1138,3.4,7.8,.437,1.5,4.1,.372,1.9,3.7,.508,0.9,1.6,.588,1.5,4.1,5.6,2.0,1.0,0.8,1.8,5.1,9.3
524,Kenrich Williams\willike04,PF,26,OKC,66,13,1426,5.5,10.4,.533,1.3,3.0,.444,4.2,7.4,.568,0.9,1.6,.571,2.1,4.8,6.9,3.8,1.4,0.4,1.9,3.6,13.3
525,Lou Williams\willilo02,PG,34,TOT,66,4,1423,6.7,16.3,.410,1.7,4.4,.399,5.0,12.0,.414,3.8,4.4,.867,0.5,3.0,3.5,5.7,1.2,0.2,2.7,1.6,18.9
525,Lou Williams\willilo02,PG,34,LAC,42,3,918,7.1,16.9,.421,1.8,4.7,.378,5.3,12.2,.437,4.0,4.7,.866,0.6,2.9,3.5,5.6,1.5,0.2,2.6,1.6,20.0
525,Lou Williams\willilo02,PG,34,ATL,24,1,505,6.0,15.4,.389,1.7,3.8,.444,4.3,11.5,.370,3.4,3.8,.870,0.4,3.1,3.6,5.8,0.6,0.1,3.0,1.4,17.0
526,Patrick Williams\willipa01,PF,19,CHI,71,71,1983,4.6,9.6,.483,1.0,2.5,.391,3.6,7.1,.515,1.7,2.3,.728,1.2,4.7,5.9,1.8,1.2,0.8,1.8,2.3,11.9
527,Robert Williams\williro04,C,23,BOS,52,13,985,6.8,9.4,.721,0.0,0.1,.000,6.8,9.4,.727,1.6,2.7,.616,4.9,8.2,13.1,3.4,1.6,3.3,1.9,3.8,15.2
528,Zion Williamson\willizi01,PF,20,NOP,61,61,2026,11.3,18.4,.611,0.2,0.6,.294,11.1,17.8,.622,6.6,9.4,.698,3.0,4.9,7.8,4.0,1.0,0.7,3.0,2.4,29.3
529,D.J. Wilson\wilsodj01,PF,24,TOT,35,1,433,5.7,14.0,.405,2.5,7.2,.345,3.2,6.7,.469,1.4,2.1,.680,1.7,7.6,9.3,1.9,0.9,1.3,1.8,3.7,15.2
529,D.J. Wilson\wilsodj01,PF,24,MIL,12,0,105,5.5,14.7,.372,3.4,9.6,.357,2.1,5.1,.400,0.3,0.7,.500,1.0,7.5,8.6,1.0,0.3,1.4,1.4,4.5,14.7
529,D.J. Wilson\wilsodj01,PF,24,HOU,23,1,328,5.7,13.7,.416,2.2,6.5,.339,3.5,7.2,.485,1.8,2.5,.696,1.9,7.7,9.5,2.2,1.1,1.3,2.0,3.4,15.4
530,Dylan Windler\windldy01,SF,24,CLE,31,0,513,4.0,9.1,.438,1.8,5.4,.338,2.2,3.7,.585,1.5,1.9,.778,1.4,6.1,7.5,2.3,1.3,0.8,2.2,2.6,11.3
531,Justise Winslow\winslju01,SF,24,MEM,26,1,507,5.3,14.9,.352,0.7,3.8,.185,4.5,11.1,.410,1.4,2.5,.571,1.3,7.1,8.4,3.6,1.1,0.9,2.6,3.3,12.6
532,Cassius Winston\winstca01,PG,22,WAS,22,0,98,5.1,12.1,.424,2.9,6.2,.471,2.2,5.9,.375,1.8,2.2,.833,0.0,3.3,3.3,4.4,0.7,0.4,1.8,2.9,15.1
533,James Wiseman\wisemja01,C,19,GSW,39,27,836,8.2,15.8,.519,0.5,1.6,.316,7.7,14.2,.542,2.3,3.7,.628,2.4,7.4,9.7,1.1,0.5,1.6,2.6,5.2,19.3
534,Christian Wood\woodch01,C,25,HOU,41,41,1326,8.9,17.4,.514,2.1,5.6,.374,6.8,11.8,.581,3.4,5.4,.631,2.1,8.7,10.7,1.9,0.9,1.3,2.2,2.4,23.3
535,Robert Woodard II\woodaro01,SF,21,SAC,13,0,45,6.4,16.0,.400,0.8,4.8,.167,5.6,11.2,.500,2.4,6.4,.375,3.2,9.6,12.8,1.6,0.0,2.4,0.8,3.2,16.0
536,Delon Wright\wrighde01,SG-PG,28,TOT,63,39,1748,4.9,10.7,.463,1.3,3.5,.372,3.6,7.1,.509,2.1,2.6,.802,1.3,4.2,5.5,5.7,2.1,0.6,1.7,1.5,13.3
536,Delon Wright\wrighde01,SG,28,DET,36,31,1052,4.7,10.0,.464,1.1,3.0,.348,3.6,7.0,.515,2.4,3.1,.789,1.3,4.3,5.6,6.2,2.0,0.7,1.6,1.5,12.8
536,Delon Wright\wrighde01,PG,28,SAC,27,8,696,5.4,11.6,.462,1.7,4.3,.398,3.7,7.3,.500,1.6,1.9,.833,1.4,4.0,5.4,5.0,2.2,0.6,1.8,1.6,14.0
537,Thaddeus Young\youngth01,PF,32,CHI,68,23,1652,8.1,14.4,.559,0.3,1.0,.267,7.8,13.4,.580,1.5,2.5,.628,3.7,5.6,9.2,6.3,1.6,0.9,3.0,3.3,17.9
538,Trae Young\youngtr01,PG,22,ATL,63,63,2125,8.3,18.8,.438,2.3,6.7,.343,5.9,12.1,.491,8.2,9.2,.886,0.6,3.5,4.2,10.1,0.9,0.2,4.4,1.9,27.0
539,Cody Zeller\zelleco01,C,28,CHO,48,21,1005,6.5,11.6,.559,0.1,1.0,.143,6.3,10.6,.598,3.0,4.3,.714,4.3,7.5,11.7,3.1,1.0,0.6,1.8,4.3,16.2
540,Ivica Zubac\zubaciv01,C,23,LAC,72,33,1609,5.8,8.8,.652,0.0,0.1,.250,5.7,8.7,.656,3.0,3.8,.789,4.2,7.4,11.6,2.0,0.5,1.4,1.8,4.2,14.5